d5vZ1vMJuZcJ|Internet_of_things_in_healthcare|Internet of things in healthcare|https://link.springer.com/chapter/10.1007/978-3-319-49736-5_2||7
InpFJTdgk0sJ|Internet_of_Things_in_Healthcare|Internet of Things in Healthcare|http://www.diva-portal.org/smash/get/diva2:1169646/FULLTEXT02|http://www.diva-portal.org/smash/get/diva2:1169646/FULLTEXT02|
Ay9mpzBtlqoJ|An_analysis_of_rfid_authentication_schemes_for_internet_of_things_in_healthcare_environment_using_elliptic_curve_cryptography|An analysis of rfid authentication schemes for internet of things in healthcare environment using elliptic curve cryptography|http://ieeexplore.ieee.org/abstract/document/6907930/|https://www.researchgate.net/profile/Debiao_He/publication/272392689_An_Analysis_of_RFID_Authentication_Schemes_for_Internet_of_Things_in_Healthcare_Environment_Using_Elliptic_Curve_Cryptography/links/57997f4908aed51475e89360/An-Analysis-of-RFID-Authentication-Schemes-for-Internet-of-Things-in-Healthcare-Environment-Using-Elliptic-Curve-Cryptography.pdf|86
nADSRw2PCB4J|The_internet_of_things_in_healthcare_An_overview|The internet of things in healthcare: An overview|https://www.sciencedirect.com/science/article/pii/S2452414X16000066||48
Bg0-T0USLrIJ|The_internet_of_things_for_health_care_a_comprehensive_survey|The internet of things for health care: a comprehensive survey|http://ieeexplore.ieee.org/abstract/document/7113786/|http://ieeexplore.ieee.org/iel7/6287639/7042252/07113786.pdf|301
8qUd9i_e1HUJ|Internet_of_Things_in_healthcare_Interoperatibility_and_security_issues|Internet of Things in healthcare: Interoperatibility and security issues|http://ieeexplore.ieee.org/abstract/document/6364830/|http://iotadvisorgroup.com/uploads/3/4/4/2/34426747/health_care_telemonitoring_use_case_2012_researchgate.pdf|38
_aEqwrTxGiUJ|Opportunities_and_challenges_of_the_Internet_of_Things_for_healthcare_Systems_engineering_perspective|Opportunities and challenges of the Internet of Things for healthcare: Systems engineering perspective|http://ieeexplore.ieee.org/abstract/document/7015961/||33
zZ0dfyIpoDcJ|Smart_e_health_gateway_Bringing_intelligence_to_internet_of_things_based_ubiquitous_healthcare_systems|Smart e-health gateway: Bringing intelligence to internet-of-things based ubiquitous healthcare systems|http://ieeexplore.ieee.org/abstract/document/7158084/|https://www.researchgate.net/profile/Tuan_Nguyen_Gia2/publication/270880243_Smart_e-Health_Gateway_Bringing_Intelligence_to_Internet-of-Things_Based_Ubiquitous_Healthcare_Systems/links/557a9bcf08aeb6d8c0206ff0.pdf|74
knn5qBKi084J|Cloud_assisted_industrial_internet_of_things_iiot_enabled_framework_for_health_monitoring|Cloud-assisted industrial internet of things (iiot)–enabled framework for health monitoring|https://www.sciencedirect.com/science/article/pii/S1389128616300019|http://tarjomefa.com/wp-content/uploads/2016/09/4917-english.pdf|104
RiU6qXs4c-UJ|The_internet_of_things_in_healthcare_Potential_applications_and_challenges|The internet of things in healthcare: Potential applications and challenges|http://ieeexplore.ieee.org/abstract/document/7478533/||21
_tYaois3WIsJ|Healthcare_applications_of_the_Internet_of_Things_A_Review|Healthcare applications of the Internet of Things: A Review|http://citeseerx.ist.psu.edu/viewdoc/download?doi=10.1.1.659.5696&rep=rep1&type=pdf|http://citeseerx.ist.psu.edu/viewdoc/download?doi=10.1.1.659.5696&rep=rep1&type=pdf|33
FeMY0G3PAesJ|Internet_of_things_as_key_enabler_for_sustainable_healthcare_delivery|Internet of things as key enabler for sustainable healthcare delivery|https://www.sciencedirect.com/science/article/pii/S187704281300342X|https://www.sciencedirect.com/science/article/pii/S187704281300342X/pdf?md5=f583932b3e58dec2506a6c63fa0a95e4&pid=1-s2.0-S187704281300342X-main.pdf&_valck=1|33
A1l8BqVtA7YJ|End_to_end_security_scheme_for_mobility_enabled_healthcare_Internet_of_Things|End-to-end security scheme for mobility enabled healthcare Internet of Things|https://www.sciencedirect.com/science/article/pii/S0167739X16300334|https://www.researchgate.net/profile/Amir_M_Rahmani2/publication/295858864_End-to-End_Security_Scheme_for_Mobility_Enabled_Healthcare_Internet_of_Things/links/574bff5108ae2fe42bc27c81.pdf|39
K4A4ql8AipQJ|A_custom_Internet_of_Things_healthcare_system|A custom Internet of Things healthcare system|http://ieeexplore.ieee.org/abstract/document/7170415/|http://www.syslog.co.in/embedded-projects/embedded-new-projects/A%20Custom%20Internet%20of%20Things%20Healthcare%20System-min.pdf|28
i0T2BHpCpJkJ|Medical_application_on_internet_of_things|Medical application on internet of things|http://digital-library.theiet.org/content/conferences/10.1049/cp.2011.0751|http://users.cms.caltech.edu/~ynakahir/Med.pdf|40
KrCIKrVg54IJ|Internet_of_things_and_big_data_technologies_for_next_generation_healthcare|Internet of things and big data technologies for next generation healthcare|https://link.springer.com/content/pdf/10.1007/978-3-319-49736-5.pdf||17
ENmmxhS7G74J|Health_Internet_of_Things_Metrics_and_methods_for_efficient_data_transfer|Health Internet of Things: Metrics and methods for efficient data transfer|https://www.sciencedirect.com/science/article/pii/S1569190X12001232|http://www.academia.edu/download/46620433/j.simpat.2012.08.00220160619-7611-g36x93.pdf|43
xu5t08HWahIJ|Exploiting_smart_e_health_gateways_at_the_edge_of_healthcare_internet_of_things_a_fog_computing_approach|Exploiting smart e-health gateways at the edge of healthcare internet-of-things: a fog computing approach|https://www.sciencedirect.com/science/article/pii/S0167739X17302121|https://www.researchgate.net/profile/Amir_M_Rahmani2/publication/313471512_Exploiting_Smart_E-Health_Gateways_at_the_Edge_of_Healthcare_Internet-of-Things_A_Fog_Computing_Approach/links/59c5b58a0f7e9bd2c0056367/Exploiting-Smart-E-Health-Gateways-at-the-Edge-of-Healthcare-Internet-of-Things-A-Fog-Computing-Approach.pdf|24
pNMV3YDt6tsJ|Lifelogging_data_validation_model_for_internet_of_things_enabled_personalized_healthcare|Lifelogging data validation model for internet of things enabled personalized healthcare|http://ieeexplore.ieee.org/iel7/6221021/6376248/07516690.pdf|https://ore.exeter.ac.uk/repository/bitstream/handle/10871/25837/LPAV-IoT-Model-SMC-Final.pdf?sequence=1&isAllowed=y|24
exkl3rliPGIJ|Internet_of_things_and_smart_objects_for_M_health_monitoring_and_control|Internet of things and smart objects for M-health monitoring and control|https://www.sciencedirect.com/science/article/pii/S221201731400379X|https://www.sciencedirect.com/science/article/pii/S221201731400379X/pdf?md5=b61ef32f7f4b8c1950427de0b18c5f04&pid=1-s2.0-S221201731400379X-main.pdf&_valck=1|31
G_9zQ63kkq8J|Applying_Internet_of_Things_for_personalized_healthcare_in_smart_homes|Applying Internet of Things for personalized healthcare in smart homes|http://ieeexplore.ieee.org/abstract/document/7346198/|https://pdfs.semanticscholar.org/85df/35dc2bdf8a9fd28a3094fc726794186ff7fb.pdf|17
CS7U3vJIW2UJ|A_cloud_assisted_internet_of_things_framework_for_pervasive_healthcare_in_smart_city_environment|A cloud-assisted internet of things framework for pervasive healthcare in smart city environment|https://dl.acm.org/citation.cfm?id=2661707||15
bi964mr6CZcJ|The_internet_of_things_for_healthcare_monitoring_security_review_and_proposed_solution|The internet of things for healthcare monitoring: security review and proposed solution|http://ieeexplore.ieee.org/abstract/document/7016651/|https://www.researchgate.net/profile/Anass_Rghioui/publication/283132083_The_Internet_of_Things_for_healthcare_monitoring_Security_review_and_proposed_solution/links/57934c7008aec89db7906178/The-Internet-of-Things-for-healthcare-monitoring-Security-review-and-proposed-solution.pdf|10
juy3i1epzgYJ|Assessment_of_the_Suitability_of_Fog_Computing_in_the_Context_of_Internet_of_Things|Assessment of the Suitability of Fog Computing in the Context of Internet of Things|http://ieeexplore.ieee.org/abstract/document/7286781/||84
VT4i13IsRBwJ|The_appliance_pervasive_of_internet_of_things_in_healthcare_systems|The appliance pervasive of internet of things in healthcare systems|https://arxiv.org/abs/1306.3953|https://arxiv.org/pdf/1306.3953|8
F9xoXr02bPwJ|A_personal_connected_health_system_for_the_Internet_of_Things_based_on_the_Constrained_Application_Protocol|A personal connected health system for the Internet of Things based on the Constrained Application Protocol|https://www.sciencedirect.com/science/article/pii/S0045790615000683||22
62anFdwmxYgJ|Internet_of_Things_in_healthcare_the_case_of_RFID_enabled_asset_management|Internet of Things in healthcare: the case of RFID-enabled asset management|https://www.inderscienceonline.com/doi/abs/10.1504/IJBET.2013.055379|https://www.researchgate.net/profile/Samuel_Fosso_Wamba/publication/264837441_Internet_of_Things_in_healthcare_the_case_of_RFID-enabled_asset_management/links/56fe678208ae1408e15d003a/Internet-of-Things-in-healthcare-the-case-of-RFID-enabled-asset-management.pdf|9
W-sfN3Y79-AJ|An_internet_of_things_for_healthcare|An internet of things for healthcare|http://ieeexplore.ieee.org/abstract/document/7131417/|http://ieeexplore.ieee.org/iel7/4236/7131349/07131417.pdf|7
Ufc3G8b8QUQJ|MyHealthAvatar_Personalized_and_empowerment_health_services_through_internet_of_things_technologies|MyHealthAvatar: Personalized and empowerment health services through internet of things technologies|http://ieeexplore.ieee.org/abstract/document/7015978/|https://pdfs.semanticscholar.org/cf60/0e439adc9fa3314e6975a180bc04646e191e.pdf|14
45QrJtggbuwJ|Application_of_ZigBee_and_RFID_Technologies_in_Healthcare_in_Conjunction_with_the_Internet_of_Things|Application of ZigBee and RFID Technologies in Healthcare in Conjunction with the Internet of Things|https://dl.acm.org/citation.cfm?id=2536904|https://pdfs.semanticscholar.org/3029/84bcb8cb95f93aa8155095f451d1f6ddab6f.pdf|12
R-yo3LlExIsJ|Smart_health_care_system_using_internet_of_things|Smart health care system using internet of things|http://www.jncet.org/Manuscripts/Volume-6/Issue-3/Vol-6-issue-3-M-10.pdf|http://www.jncet.org/Manuscripts/Volume-6/Issue-3/Vol-6-issue-3-M-10.pdf|13
25bwvLA1Hz0J|Internet_of_Things_and_libraries|Internet of Things and libraries|http://14.139.47.23/index.php/ALIS/article/view/9800|http://14.139.47.23/index.php/ALIS/article/viewFile/9800/439|11
96eUk3GCG0sJ|How_can_the_internet_of_things_help_to_overcome_current_healthcare_challenges|How can the internet of things help to overcome current healthcare challenges|https://papers.ssrn.com/sol3/papers.cfm?abstract_id=2304133|http://repec.idate.org/RePEc/idt/journl/CS8704/CS87_COUTURIER_et_al.pdf|9
CMpgH9oPqb8J|A_health_iot_platform_based_on_the_integration_of_intelligent_packaging_unobtrusive_bio_sensor_and_intelligent_medicine_box|A health-iot platform based on the integration of intelligent packaging, unobtrusive bio-sensor, and intelligent medicine box|http://ieeexplore.ieee.org/abstract/document/6747344/|http://www.diva-portal.org/smash/get/diva2:833968/FULLTEXT01.pdf|151
w6-HDu_DM2UJ|How_5G_technology_enables_the_health_internet_of_things|How 5G technology enables the health internet of things|http://www.insidepolitics.org/brookingsreports/HealthIOT.pdf|http://www.insidepolitics.org/brookingsreports/HealthIOT.pdf|17
JXmMZagnz3kJ|Internet_of_Things_IoT_Security_challenges_business_opportunities_reference_architecture_for_E_commerce|Internet of Things (IoT): Security challenges, business opportunities & reference architecture for E-commerce|http://ieeexplore.ieee.org/abstract/document/7380718/|https://www.researchgate.net/profile/Sachchidanand_Singh3/publication/297712965_Internet_of_Things_IoT_Security_challenges_business_opportunities_reference_architecture_for_E-commerce/links/56e0d67608ae979addf0fed4.pdf|11
0Me3PAVXeEQJ|Integrating_internet_of_things_and_ehealth_solutions_for_students_healthcare|Integrating internet of things and ehealth solutions for students' healthcare|http://eprints.covenantuniversity.edu.ng/7009/|http://eprints.covenantuniversity.edu.ng/7009/1/WCE2015_pp265-268.pdf|8
q0QMA8yWxZ4J|Hybrid_security_techniques_for_internet_of_things_healthcare_applications|Hybrid security techniques for internet of things healthcare applications|https://file.scirp.org/pdf/AIT_2015093010394050.pdf|https://file.scirp.org/pdf/AIT_2015093010394050.pdf|7
ZkH7kDePIloJ|Internet_of_things_enabled_in_home_health_monitoring_system_using_early_warning_score|Internet of things enabled in-home health monitoring system using early warning score|https://dl.acm.org/citation.cfm?id=2897468|https://pdfs.semanticscholar.org/51e1/e8a27e244bc58c7b4406f71313ecd28baf2f.pdf|10
xmEHNhE3R84J|Smart_spaces_enabled_mobile_healthcare_services_in_internet_of_things_environments|Smart spaces enabled mobile healthcare services in internet of things environments|https://www.igi-global.com/article/smart-spaces-enabled-mobile-healthcare-services-in-internet-of-things-environments/160857||9
4jUs-_fygR0J|Internet_of_things_network_management_system_architecture_for_smart_healthcare|Internet of things network management system architecture for smart healthcare|http://ieeexplore.ieee.org/abstract/document/7544021/||7
ocrcIz5A0pYJ|A_Structured_approach_for_describing_healthcare_applications_for_the_Internet_of_Things|A Structured approach for describing healthcare applications for the Internet of Things|http://ieeexplore.ieee.org/abstract/document/7389125/||6
w17BBMJclukJ|Use_of_internet_of_things_iot_in_healthcare_A_survey|Use of internet of things (iot) in healthcare: A survey|https://dl.acm.org/citation.cfm?id=2909079||5
249Cr-7wVT4J|IoT_based_smart_rehabilitation_system|IoT-based smart rehabilitation system|http://ieeexplore.ieee.org/abstract/document/6722995/||115
GwRLX2h0GBgJ|Research_directions_in_cloud_based_decision_support_systems_for_health_monitoring_using_Internet_of_Things_driven_data_acquisition|Research directions in cloud-based decision support systems for health monitoring using Internet-of-Things driven data acquisition|https://www.researchgate.net/profile/Tolga_Soyata/publication/303677960_Research_Directions_in_Cloud-Based_Decision_Support_Systems_for_Health_Monitoring_Using_Internet-of-Things_Driven_Data_Acquisition/links/574c8ed608aec9885269f4a1/Research-Directions-in-Cloud-Based-Decision-Support-Systems-for-Health-Monitoring-Using-Internet-of-Things-Driven-Data-Acquisition.pdf?origin=publication_detail&ev=pub_int_prw_xdl&msrp=GBuKPogz5f2uclKi_3uINx_tph3KBSjushOtdT8K3C0Hpo3v645nw8Wnr2ZzoulWBL2IjDdhDEmZwzD_yIoYt-vsqNcfh7xeotCmAJPKKIjDyay3AYOP6pV9.nbPoEED4VW-q9j1U-8Sn39Y0F8dE6UriuycMkMNeXZYZYId1j99HsOTpxlrweawjboAxbhMo64glphld1ccLWD3FJH6ZsGy_zJ1Bsw.KYdJCnCn5pQQ3R9JNinrfLRQqr9FZS4MDvEDcdKAeK09IyGpnLo_GoPjHWIULWdJi6Tq5wR9YqsiP6WeMPyDsgbXdTPZbKNIdzc6Hg.t115aeU71vgdjPrvJDKIsv0wi2ihor7p7z_pqhe8DEy7fkT3gVD-B7NYv2OiQqpV-k78hxcGyg98KuMFcql6PzKxFWEHZaP3qCtqUg|https://www.researchgate.net/profile/Tolga_Soyata/publication/303677960_Research_Directions_in_Cloud-Based_Decision_Support_Systems_for_Health_Monitoring_Using_Internet-of-Things_Driven_Data_Acquisition/links/574c8ed608aec9885269f4a1/Research-Directions-in-Cloud-Based-Decision-Support-Systems-for-Health-Monitoring-Using-Internet-of-Things-Driven-Data-Acquisition.pdf?origin=publication_detail&ev=pub_int_prw_xdl&msrp=GBuKPogz5f2uclKi_3uINx_tph3KBSjushOtdT8K3C0Hpo3v645nw8Wnr2ZzoulWBL2IjDdhDEmZwzD_yIoYt-vsqNcfh7xeotCmAJPKKIjDyay3AYOP6pV9.nbPoEED4VW-q9j1U-8Sn39Y0F8dE6UriuycMkMNeXZYZYId1j99HsOTpxlrweawjboAxbhMo64glphld1ccLWD3FJH6ZsGy_zJ1Bsw.KYdJCnCn5pQQ3R9JNinrfLRQqr9FZS4MDvEDcdKAeK09IyGpnLo_GoPjHWIULWdJi6Tq5wR9YqsiP6WeMPyDsgbXdTPZbKNIdzc6Hg.t115aeU71vgdjPrvJDKIsv0wi2ihor7p7z_pqhe8DEy7fkT3gVD-B7NYv2OiQqpV-k78hxcGyg98KuMFcql6PzKxFWEHZaP3qCtqUg|11
Umn4PNCYl_QJ|The_fog_computing_service_for_healthcare|The fog computing service for healthcare|http://ieeexplore.ieee.org/abstract/document/7203325/||21
NswuqisFJY0J|Internet_of_Things_Technology_evolution_and_challenges|Internet-of-Things: Technology evolution and challenges|http://ieeexplore.ieee.org/abstract/document/6848429/||6
oGTiwoHExcMJ|Always_connected_The_security_challenges_of_the_healthcare_Internet_of_Things|Always connected: The security challenges of the healthcare Internet of Things|http://ieeexplore.ieee.org/abstract/document/7845455/||5
nrpJ1qCvLEoJ|A_new_architecture_of_Internet_of_Things_and_big_data_ecosystem_for_secured_smart_healthcare_monitoring_and_alerting_system|A new architecture of Internet of Things and big data ecosystem for secured smart healthcare monitoring and alerting system|https://www.sciencedirect.com/science/article/pii/S0167739X17305149|http://www.academia.edu/download/55355799/FGCS.pdf|5
z4jgNb2Q1rcJ|Internet_of_things_Intelligent_system_for_healthcare_based_on_wsn_and_android|Internet of things: Intelligent system for healthcare based on wsn and android|http://ieeexplore.ieee.org/abstract/document/6916635/|https://www.researchgate.net/profile/Farah_Nasri2/publication/260448210_Internet_of_Things_Intelligent_system_for_healthcare_Based_on_WSN_and_Android/links/56d439a108ae2ea08cf8e2d2.pdf|5
0QUkO_Zl8J4J|Improving_the_validity_of_lifelogging_physical_activity_measures_in_an_internet_of_things_environment|Improving the validity of lifelogging physical activity measures in an internet of things environment|http://ieeexplore.ieee.org/abstract/document/7363387/||6
SqMGf_noTkYJ|Mobile_gateway_System_for_Ubiquitous_system_and_Internet_of_Things_Application|Mobile gateway System for Ubiquitous system and Internet of Things Application|https://www.researchgate.net/profile/Yvette_Gelogo/publication/286091548_Mobile_Gateway_System_for_Ubiquitous_System_and_Internet_of_Things_Application/links/58a2bde645851598babcbd7c/Mobile-Gateway-System-for-Ubiquitous-System-and-Internet-of-Things-Application.pdf|https://www.researchgate.net/profile/Yvette_Gelogo/publication/286091548_Mobile_Gateway_System_for_Ubiquitous_System_and_Internet_of_Things_Application/links/58a2bde645851598babcbd7c/Mobile-Gateway-System-for-Ubiquitous-System-and-Internet-of-Things-Application.pdf|5
twJLJwg4VpwJ|BOOK_B_Fog_Computing_in_the_Internet_of_Things_Intelligence_at_the_Edge|[BOOK][B] Fog Computing in the Internet of Things: Intelligence at the Edge|https://link.springer.com/content/pdf/10.1007/978-3-319-57639-8.pdf||4
bNPN9PL0PgkJ|Future_of_the_smartphone_for_patients_and_healthcare_providers|Future of the smartphone for patients and healthcare providers|https://www.synapse.koreamed.org/search.php?where=aview&id=10.4258/hir.2016.22.1.1&code=1088HIR&vmode=FULL|https://www.synapse.koreamed.org/search.php?where=aview&id=10.4258/hir.2016.22.1.1&code=1088HIR&vmode=FULL|10
et3fL0so-u4J|A_hybrid_reader_tranceiver_design_for_industrial_internet_of_things|A hybrid reader tranceiver design for industrial internet of things|https://www.sciencedirect.com/science/article/pii/S2452414X16300310||11
YYe19Bc-5J0J|A_structured_approach_of_the_Internet_of_Things_eHealth_use_cases|A structured approach of the Internet-of-Things eHealth use cases|http://ieeexplore.ieee.org/abstract/document/6707299/||5
3QaOB_SVt98J|Building_Caring_Healthcare_Systems_in_the_Internet_of_Things|Building Caring Healthcare Systems in the Internet of Things|http://ieeexplore.ieee.org/abstract/document/7862194/|http://ws680.nist.gov/publication/get_pdf.cfm?pub_id=922265|4
PBx7cZUuw_sJ|Enhanced_DTLS_with_CoAP_based_authentication_scheme_for_the_internet_of_things_in_healthcare_application|Enhanced DTLS with CoAP-based authentication scheme for the internet of things in healthcare application|https://link.springer.com/article/10.1007/s11227-017-2169-5||3
aOmUEurYo5MJ|IoT_use_cases_in_healthcare_and_tourism|IoT use cases in healthcare and tourism|http://ieeexplore.ieee.org/abstract/document/7264765/||18
cfhkwaYHXa0J|Will_the_Internet_of_Things_Transform_Healthcare|Will the Internet of Things Transform Healthcare|http://heinonline.org/hol-cgi-bin/get_pdf.cgi?handle=hein.journals/vanep19&section=16|http://www.jetlaw.org/wp-content/uploads/2017/02/Terry_SPE_4-Final.pdf|3
NLqog3uMY9IJ|Secure_object_tracking_protocol_for_the_Internet_of_Things|Secure object tracking protocol for the Internet of Things|http://ieeexplore.ieee.org/abstract/document/7478626/||10
YOB5jwpaatkJ|The_potential_of_Internet_of_Things_IOT_for_assisted_living_applications|The potential of Internet of Things (IOT) for assisted living applications|http://ieeexplore.ieee.org/abstract/document/6183152/||4
g58EZls4pqcJ|Ieee_11073_and_connected_health_Preparing_personal_health_devices_for_the_internet|Ieee 11073 and connected health: Preparing personal health devices for the internet|http://ieeexplore.ieee.org/abstract/document/6776001/||7
9rCjkkAEL5kJ|IoT_based_airport_parking_system|IoT based airport parking system|http://ieeexplore.ieee.org/abstract/document/7193216/||10
jPPEO3UhTcoJ|Effectively_collecting_data_for_the_location_based_authentication_in_Internet_of_Things|Effectively collecting data for the location-based authentication in Internet of Things|http://ieeexplore.ieee.org/abstract/document/7244338/||10
cXhjSI4jqhoJ|An_IoT_framework_for_healthcare_monitoring_systems|An IoT framework for healthcare monitoring systems|http://www.academia.edu/download/46607257/62_Paper_29021638_IJCSIS_Camera_Ready_Paper_pp._451-455.pdf|http://www.academia.edu/download/46607257/62_Paper_29021638_IJCSIS_Camera_Ready_Paper_pp._451-455.pdf|8
_QF0zE4hqogJ|Internet_of_things_A_review_on_technologies_architecture_challenges_applications_future_trends|Internet of things: A review on technologies, architecture, challenges, applications, future trends|http://search.proquest.com/openview/b7a212ada33619e9845712e75133c26e/1?pq-origsite=gscholar&cbl=2026671|http://www.mecs-press.org/ijcnis/ijcnis-v9-n4/IJCNIS-V9-N4-7.pdf|5
2sBHXcXyTskJ|An_IoT_based_patient_monitoring_system_using_raspberry_Pi|An IoT based patient monitoring system using raspberry Pi|http://ieeexplore.ieee.org/abstract/document/7725378/||9
mREJASQfTRoJ|Internet_of_things_driven_connected_healthcare|Internet of things driven connected healthcare|https://link.springer.com/chapter/10.1007/978-3-319-49736-5_1||3
F4h3oFpaJf4J|A_Review_on_Internet_of_Things_IoT_in_Healthcare|A Review on Internet of Things (IoT) in Healthcare|http://www.ripublication.com/ijaer16/ijaerv11n20_26.pdf|http://www.ripublication.com/ijaer16/ijaerv11n20_26.pdf|3
WLxn10T516IJ|A_novel_and_secure_IoT_based_cloud_centric_architecture_to_perform_predictive_analysis_of_users_activities_in_sustainable_health_centres|A novel and secure IoT based cloud centric architecture to perform predictive analysis of users activities in sustainable health centres|https://link.springer.com/article/10.1007/s11042-016-4050-6|https://www.researchgate.net/profile/Pradeep_Gupta7/publication/309392206_MTAP/links/580df0b308aeec6231eec78a/MTAP.pdf|15
UH6X_gb7T70J|The_economics_of_the_Internet_of_Things_in_the_Global_South|The economics of the Internet of Things in the Global South|http://www.tandfonline.com/doi/abs/10.1080/01436597.2016.1191942|http://www.tandfonline.com/doi/full/10.1080/01436597.2016.1191942|5
9x5tTUzjo7sJ|A_Community_Health_Service_Architecture_Based_on_the_Internet_of_Things_on_Health_Care|A Community Health Service Architecture Based on the Internet of Things on Health-Care|https://link.springer.com/chapter/10.1007/978-3-642-29305-4_345||4
JsNxJMDMuEMJ|Scalable_role_based_data_disclosure_control_for_the_internet_of_things|Scalable role-based data disclosure control for the internet of things|http://ieeexplore.ieee.org/abstract/document/7980174/|http://aliyavari.com/papers/2017_ICDCS_IoTDisclosureControl/IoTDisclosureControl.pdf|5
k9nRcnNPMT8J|Home_telehealth_reduces_healthcare_costs|Home telehealth reduces healthcare costs|http://online.liebertpub.com/doi/abs/10.1089/tmj.2004.10.170||219
RFEXfBKCabEJ|Big_health_application_system_based_on_health_internet_of_things_and_big_data|Big health application system based on health internet of things and big data|http://ieeexplore.ieee.org/abstract/document/7782325/|http://ieeexplore.ieee.org/iel7/6287639/7859429/07782325.pdf|4
LhkDDUJcxB4J|The_Internet_of_Things_for_basic_nursing_care_A_scoping_review|The Internet of Things for basic nursing care—A scoping review|https://www.journalofnursingstudies.com/article/S0020-7489(17)30022-6/fulltext||4
OQt2s7WkLeEJ|iHealth_A_Fuzzy_approach_for_provisioning_Intelligent_Health_care_system_in_Smart_City|iHealth: A Fuzzy approach for provisioning Intelligent Health-care system in Smart City|http://ieeexplore.ieee.org/abstract/document/6962169/|https://itra.medialabasia.in/data/Documents/RemoteHealth/publications/iHealth%20%20A%20Fuzzy%20approach%20for%20provisioning%20Intelligent%20Health-care%20system%20in%20Smart%20Cit.pdf|16
ZAMkiZNN7mAJ|Analysis_of_delays_in_medical_applications_of_nanonetworks|Analysis of delays in medical applications of nanonetworks|http://ieeexplore.ieee.org/abstract/document/7765231/||11
0T5ORfNCRhoJ|A_Review_on_latest_Internet_of_Things_based_Healthcare_Applications|A Review on latest Internet of Things based Healthcare Applications|http://search.proquest.com/openview/e038fc16388bef5b75e179d4e337dba5/1?pq-origsite=gscholar&cbl=616671|http://www.academia.edu/download/52033373/31_Paper_311216126_IJCSIS_Camera_Ready_248-254.pdf|2
9WP-ZccN1UUJ|Towards_fog_driven_IoT_eHealth_Promises_and_challenges_of_IoT_in_medicine_and_healthcare|Towards fog-driven IoT eHealth: Promises and challenges of IoT in medicine and healthcare|https://www.sciencedirect.com/science/article/pii/S0167739X17307677||13
Xqt2NugQjCsJ|Building_an_IoT_aware_healthcare_monitoring_system|Building an IoT-aware healthcare monitoring system|http://ieeexplore.ieee.org/abstract/document/7416592/||5
bV4wUXqOzsUJ|Secured_smart_healthcare_monitoring_system_based_on_IoT|Secured smart healthcare monitoring system based on IoT|https://pdfs.semanticscholar.org/f357/f4b628e847f71110ec5246ca319c21480b5f.pdf|https://pdfs.semanticscholar.org/f357/f4b628e847f71110ec5246ca319c21480b5f.pdf|5
xn922GkVpdMJ|Guest_Editorial_Special_Issue_on_Internet_of_Things_for_Smart_and_Connected_Health|Guest Editorial: Special Issue on Internet of Things for Smart and Connected Health|http://ieeexplore.ieee.org/abstract/document/7042375/|http://ieeexplore.ieee.org/iel7/6488907/7031470/07042375.pdf|3
8tmmZapeVS0J|An_implementation_of_IoT_for_healthcare|An implementation of IoT for healthcare|http://ieeexplore.ieee.org/abstract/document/7488451/|https://www.researchgate.net/profile/Ravi_Kodali/publication/305284960_An_implementation_of_IoT_for_healthcare/links/588ea6a645851567c93f63a5/An-implementation-of-IoT-for-healthcare.pdf|5
lwg90IaehkIJ|Toward_end_to_end_biomet_rics_based_security_for_IoT_infrastructure|Toward end-to-end biomet rics-based security for IoT infrastructure|http://ieeexplore.ieee.org/abstract/document/7721741/||15
ZAMkiZNN7mAJ|Analysis_of_delays_in_medical_applications_of_nanonetworks|Analysis of delays in medical applications of nanonetworks|http://ieeexplore.ieee.org/abstract/document/7765231/||11
0T5ORfNCRhoJ|A_Review_on_latest_Internet_of_Things_based_Healthcare_Applications|A Review on latest Internet of Things based Healthcare Applications|http://search.proquest.com/openview/e038fc16388bef5b75e179d4e337dba5/1?pq-origsite=gscholar&cbl=616671|http://www.academia.edu/download/52033373/31_Paper_311216126_IJCSIS_Camera_Ready_248-254.pdf|2
9WP-ZccN1UUJ|Towards_fog_driven_IoT_eHealth_Promises_and_challenges_of_IoT_in_medicine_and_healthcare|Towards fog-driven IoT eHealth: Promises and challenges of IoT in medicine and healthcare|https://www.sciencedirect.com/science/article/pii/S0167739X17307677||13
Xqt2NugQjCsJ|Building_an_IoT_aware_healthcare_monitoring_system|Building an IoT-aware healthcare monitoring system|http://ieeexplore.ieee.org/abstract/document/7416592/||5
bV4wUXqOzsUJ|Secured_smart_healthcare_monitoring_system_based_on_IoT|Secured smart healthcare monitoring system based on IoT|https://pdfs.semanticscholar.org/f357/f4b628e847f71110ec5246ca319c21480b5f.pdf|https://pdfs.semanticscholar.org/f357/f4b628e847f71110ec5246ca319c21480b5f.pdf|5
xn922GkVpdMJ|Guest_Editorial_Special_Issue_on_Internet_of_Things_for_Smart_and_Connected_Health|Guest Editorial: Special Issue on Internet of Things for Smart and Connected Health|http://ieeexplore.ieee.org/abstract/document/7042375/|http://ieeexplore.ieee.org/iel7/6488907/7031470/07042375.pdf|3
8tmmZapeVS0J|An_implementation_of_IoT_for_healthcare|An implementation of IoT for healthcare|http://ieeexplore.ieee.org/abstract/document/7488451/|https://www.researchgate.net/profile/Ravi_Kodali/publication/305284960_An_implementation_of_IoT_for_healthcare/links/588ea6a645851567c93f63a5/An-implementation-of-IoT-for-healthcare.pdf|5
lwg90IaehkIJ|Toward_end_to_end_biomet_rics_based_security_for_IoT_infrastructure|Toward end-to-end biomet rics-based security for IoT infrastructure|http://ieeexplore.ieee.org/abstract/document/7721741/||15
5ad92UNIrWgJ|Authentication_Protocols_for_Internet_of_Things_A_Comprehensive_Survey|Authentication Protocols for Internet of Things: A Comprehensive Survey|https://www.hindawi.com/journals/scn/2017/6562953/abs/|http://downloads.hindawi.com/journals/scn/2017/6562953.pdf|5
hIRb7bKdBvAJ|Considerations_towards_security_and_privacy_in_Internet_of_Things_based_eHealth_applications|Considerations towards security and privacy in Internet of Things based eHealth applications|http://ieeexplore.ieee.org/abstract/document/7601512/||3
9R_0M6G4sNYJ|Development_in_RFID_radio_frequency_identification_technology_in_internet_of_things_IOT|Development in RFID (radio frequency identification) technology in internet of things (IOT)|http://ijarcet.org/wp-content/uploads/IJARCET-VOL-4-ISSUE-11-4030-4038.pdf|http://ijarcet.org/wp-content/uploads/IJARCET-VOL-4-ISSUE-11-4030-4038.pdf|3
zbW4EimpIScJ|An_autonomous_wireless_body_area_network_implementation_towards_IoT_connected_healthcare_applications|An autonomous wireless body area network implementation towards IoT connected healthcare applications|http://ieeexplore.ieee.org/abstract/document/7950903/|http://ieeexplore.ieee.org/iel7/6287639/7859429/07950903.pdf|9
j-gF_HjaSjIJ|Energy_efficient_healthcare_monitoring_with_smartphones_and_IoT_technologies|Energy-efficient healthcare monitoring with smartphones and IoT technologies|https://www.inderscienceonline.com/doi/abs/10.1504/IJHPCN.2015.070019||8
ctGN-kUVbMsJ|SPW_1_A_low_maintenance_wearable_activity_tracker_for_residential_monitoring_and_healthcare_applications|SPW-1: A low-maintenance wearable activity tracker for residential monitoring and healthcare applications|https://link.springer.com/chapter/10.1007/978-3-319-49655-9_37|https://www.researchgate.net/profile/Xenofon_Fafoutis/publication/304102656_SPW-1_A_Low-Maintenance_Wearable_Activity_Tracker_for_Residential_Monitoring_and_Healthcare_Applications/links/5766879e08ae421c448c31ab.pdf|16
G2EMyjgdQF0J|The_Internet_of_Things_and_opportunities_for_pervasive_safety_monitored_health_environments|The Internet of Things and opportunities for pervasive safety monitored health environments|https://books.google.com/books?hl=en&lr=&id=4t1GAwAAQBAJ&oi=fnd&pg=PA382&dq=%22Internet+of+Things%3B+*Healthcare*%22&ots=nWVUWJEqIu&sig=mpExMuKAH7c-6O49TxQE5hEooEI|https://pdfs.semanticscholar.org/d6ae/8706d282ea38fc06bab97b17fec1308ec111.pdf|4
eXVfTRu7J7AJ|Internet_of_Things_based_e_health_systems_ideas_expectations_and_concerns|Internet of Things based e-health systems: ideas, expectations and concerns|https://link.springer.com/chapter/10.1007/978-3-319-58280-1_10||4
hYVxAXmn0UAJ|A_survey_on_the_role_of_IoT_and_cloud_m_health_care|A survey on the role of IoT and cloud m health care|http://theinternetofthings.report/Resources/Whitepapers/6bce2670-e23a-41f1-9100-2bd1f051967c_A%20Survey%20on%20the%20Role%20of%20IoT%20and%20Cloud.pdf|http://theinternetofthings.report/Resources/Whitepapers/6bce2670-e23a-41f1-9100-2bd1f051967c_A%20Survey%20on%20the%20Role%20of%20IoT%20and%20Cloud.pdf|3
SizDH_4Vxq0J|Shared_node_IoT_network_architecture_with_ubiquitous_homomorphic_encryption_for_healthcare_monitoring|Shared–node IoT network architecture with ubiquitous homomorphic encryption for healthcare monitoring|https://www.inderscienceonline.com/doi/abs/10.1504/IJES.2015.066141||7
P1hnS7aiQqsJ|A_paradigm_shift_from_cloud_to_fog_computing|A paradigm shift from cloud to fog computing|http://search.proquest.com/openview/1ed6617a81e69d6fc13e5b806ce53eab/1?pq-origsite=gscholar&cbl=2032130|http://ijcset.net/docs/Volumes/volume5issue11/ijcset2015051105.pdf|6
T018z9RkeoUJ|A_wearable_Internet_of_Things_mote_with_bare_metal_6LoWPAN_protocol_for_pervasive_healthcare|A wearable Internet of Things mote with bare metal 6LoWPAN protocol for pervasive healthcare|http://ieeexplore.ieee.org/abstract/document/7307037/||2
dzOi2OyDeKkJ|Remote_data_integrity_checking_and_sharing_in_cloud_based_health_Internet_of_Things|Remote data integrity checking and sharing in cloud-based health Internet of Things|https://search.ieice.org/bin/summary.php?id=e99-d_8_1966|https://www.jstage.jst.go.jp/article/transinf/E99.D/8/E99.D_2015INI0001/_pdf|3
clZKJ-sxrjkJ|A_secure_ECC_based_RFID_mutual_authentication_protocol_for_internet_of_things|A secure ECC-based RFID mutual authentication protocol for internet of things|https://link.springer.com/article/10.1007/s11227-016-1861-1||3
cRlqfT4NIdAJ|Advanced_internet_of_things_for_personalised_healthcare_systems_A_survey|Advanced internet of things for personalised healthcare systems: A survey|https://www.sciencedirect.com/science/article/pii/S1574119217303255||4
WeUbhUND2-YJ|Internet_of_Things_in_Health_Trends_Through_Bibliometrics_and_Text_Mining|Internet of Things in Health Trends Through Bibliometrics and Text Mining|https://books.google.com/books?hl=en&lr=&id=LLcrDwAAQBAJ&oi=fnd&pg=PA73&dq=%22Internet+of+Things%3B+*Healthcare*%22&ots=D20OIisD1y&sig=ACNZYugQyixB9FQ9lR8ububKGpQ||2
kVrBYcT3sAgJ|Vulnerability_analysis_of_elliptic_curve_cryptography_based_RFID_authentication_protocols|Vulnerability analysis of elliptic curve cryptography‐based RFID authentication protocols|http://onlinelibrary.wiley.com/doi/10.1002/ett.2514/full||14
eDpKcduk3BIJ|Prominence_of_IoT_and_Cloud_in_health_care|Prominence of IoT and Cloud in health care|http://ijarcet.org/wp-content/uploads/IJARCET-VOL-5-ISSUE-2-420-424.pdf|http://ijarcet.org/wp-content/uploads/IJARCET-VOL-5-ISSUE-2-420-424.pdf|3
p9ERvoKAL7EJ|A_modular_6LoWPAN_based_wireless_sensor_body_area_network_for_health_monitoring_applications|A modular 6LoWPAN-based wireless sensor body area network for health-monitoring applications|http://ieeexplore.ieee.org/abstract/document/7041570/|http://citeseerx.ist.psu.edu/viewdoc/download?doi=10.1.1.883.5336&rep=rep1&type=pdf|6
8bSX8f98oXYJ|Care_and_Feeding_of_Privacy_Policies_and_Keeping_the_Big_Data_Monster_at_Bay_Legal_Concerns_in_Healthcare_in_the_Age_of_the_Internet_of_Things|Care and Feeding of Privacy Policies and Keeping the Big Data Monster at Bay: Legal Concerns in Healthcare in the Age of the Internet of Things|http://heinonline.org/hol-cgi-bin/get_pdf.cgi?handle=hein.journals/novalr39&section=20||2
Io90iEpXJ_wJ|A_review_paper_on_smart_health_care_system_using_Internet_of_Things|A review paper on smart health care system using Internet of Things|http://esatjournals.net/ijret/2016v05/i03/IJRET20160503016.pdf|http://esatjournals.net/ijret/2016v05/i03/IJRET20160503016.pdf|2
01Y-czGXpB4J|Massive_access_control_aided_by_knowledge_extraction_for_co_existing_periodic_and_random_services_over_wireless_clinical_networks|Massive access control aided by knowledge-extraction for co-existing periodic and random services over wireless clinical networks|https://link.springer.com/article/10.1007/s10916-016-0506-5||9
1kCW-0tVCM0J|MAEB_routing_protocol_for_iot_healthcare|MAEB: routing protocol for iot healthcare|http://citeseerx.ist.psu.edu/viewdoc/download?doi=10.1.1.440.4307&rep=rep1&type=pdf|http://citeseerx.ist.psu.edu/viewdoc/download?doi=10.1.1.440.4307&rep=rep1&type=pdf|4
bLCGuCIjAVEJ|Personal_home_healthcare_system_for_the_cardiac_patient_of_smart_city_using_fuzzy_logic|Personal home healthcare system for the cardiac patient of smart city using fuzzy logic|https://pdfs.semanticscholar.org/153b/af9752bbca1ceac54abf2ac4495a01e9fa2c.pdf|https://pdfs.semanticscholar.org/153b/af9752bbca1ceac54abf2ac4495a01e9fa2c.pdf|4
Voh8_9BaHFUJ|Refactoring_internet_of_things_middleware_through_software_defined_network|Refactoring internet of things middleware through software-defined network|https://dl.acm.org/citation.cfm?id=2695861|https://www.researchgate.net/profile/Liane_Tarouco/publication/289554143_Refactoring_internet_of_things_middleware_through_software-defined_network/links/571e19f908aed056fa22649f/Refactoring-internet-of-things-middleware-through-software-defined-network.pdf|2
corI4hpj9fYJ|Health_care_monitoring_system_in_Internet_of_Things_IoT_by_using_RFID|Health care monitoring system in Internet of Things (IoT) by using RFID|http://ieeexplore.ieee.org/abstract/document/7917920/||3
MjursWKcC2YJ|IoT_based_asset_management_system_for_healthcare_related_industries|IoT-based asset management system for healthcare-related industries|http://journals.sagepub.com/doi/abs/10.5772/61821|http://journals.sagepub.com/doi/full/10.5772/61821|5
TwYqu_zWzGsJ|Secure_and_efficient_CoAP_based_authentication_and_access_control_for_Internet_of_Things_IoT|Secure and efficient CoAP based authentication and access control for Internet of Things (IoT)|http://ieeexplore.ieee.org/abstract/document/7808031/||2
zdrBia7uuB8J|Trends_in_wireless_communications_towards_5G_networks_The_influence_of_e_health_and_IoT_applications|Trends in wireless communications towards 5G networks—The influence of e-health and IoT applications|http://ieeexplore.ieee.org/abstract/document/7555949/||5
9D8Tm1lLxIwJ|Internet_of_Things_issues_and_challenges|Internet of Things: issues and challenges|http://search.proquest.com/openview/39baf92ef4cc5b420d67123e06de987c/1?pq-origsite=gscholar&cbl=2040122||2
d7gvo2YDiaAJ|Real_time_signal_quality_aware_ECG_telemetry_system_for_IoT_based_health_care_monitoring|Real-time signal quality-aware ECG telemetry system for IoT-based health care monitoring|http://ieeexplore.ieee.org/abstract/document/7857776/||7
nlZszv2QZeUJ|China_s_manufacturing_locus_in_2025_With_a_comparison_of_Made_in_China_2025_and_Industry_4_0|China's manufacturing locus in 2025: With a comparison of “Made-in-China 2025” and “Industry 4.0”|https://www.sciencedirect.com/science/article/pii/S0040162517307254||9
dQewIg4hyQMJ|Personal_health_records_a_systematic_literature_review|Personal health records: a systematic literature review|https://www.ncbi.nlm.nih.gov/pmc/articles/PMC5251169/|https://www.ncbi.nlm.nih.gov/pmc/articles/PMC5251169/|19
T271wAoT6mEJ|Hybrid_of_anomaly_based_and_specification_based_IDS_for_Internet_of_things_using_unsupervised_OPF_based_on_MapReduce_approach|Hybrid of anomaly-based and specification-based IDS for Internet of things using unsupervised OPF based on MapReduce approach|https://www.sciencedirect.com/science/article/pii/S0140366416306387||3
-B-D-BIj6pEJ|An_internet_of_things_initiative_for_one_belt_one_road_OBOR|An internet-of-things initiative for one belt one road (OBOR)|http://academic.hep.com.cn/fem/EN/abstract/abstract18376.shtml|http://academic.hep.com.cn/fem/EN/article/downloadArticleFile.do?attachType=PDF&id=18376|2
WeUbhUND2-YJ|Internet_of_Things_in_Health_Trends_Through_Bibliometrics_and_Text_Mining|Internet of Things in Health Trends Through Bibliometrics and Text Mining|https://books.google.com/books?hl=en&lr=&id=LLcrDwAAQBAJ&oi=fnd&pg=PA73&dq=%22Internet+of+Things%3B+*Healthcare*%22&ots=D20OIisF3A&sig=Jr_xI9eGo8n_LGERVbGnpMVEvO4||2
kVrBYcT3sAgJ|Vulnerability_analysis_of_elliptic_curve_cryptography_based_RFID_authentication_protocols|Vulnerability analysis of elliptic curve cryptography‐based RFID authentication protocols|http://onlinelibrary.wiley.com/doi/10.1002/ett.2514/full||14
eDpKcduk3BIJ|Prominence_of_IoT_and_Cloud_in_health_care|Prominence of IoT and Cloud in health care|http://ijarcet.org/wp-content/uploads/IJARCET-VOL-5-ISSUE-2-420-424.pdf|http://ijarcet.org/wp-content/uploads/IJARCET-VOL-5-ISSUE-2-420-424.pdf|3
p9ERvoKAL7EJ|A_modular_6LoWPAN_based_wireless_sensor_body_area_network_for_health_monitoring_applications|A modular 6LoWPAN-based wireless sensor body area network for health-monitoring applications|http://ieeexplore.ieee.org/abstract/document/7041570/|http://citeseerx.ist.psu.edu/viewdoc/download?doi=10.1.1.883.5336&rep=rep1&type=pdf|6
8bSX8f98oXYJ|Care_and_Feeding_of_Privacy_Policies_and_Keeping_the_Big_Data_Monster_at_Bay_Legal_Concerns_in_Healthcare_in_the_Age_of_the_Internet_of_Things|Care and Feeding of Privacy Policies and Keeping the Big Data Monster at Bay: Legal Concerns in Healthcare in the Age of the Internet of Things|http://heinonline.org/hol-cgi-bin/get_pdf.cgi?handle=hein.journals/novalr39&section=20||2
Io90iEpXJ_wJ|A_review_paper_on_smart_health_care_system_using_Internet_of_Things|A review paper on smart health care system using Internet of Things|http://esatjournals.net/ijret/2016v05/i03/IJRET20160503016.pdf|http://esatjournals.net/ijret/2016v05/i03/IJRET20160503016.pdf|2
01Y-czGXpB4J|Massive_access_control_aided_by_knowledge_extraction_for_co_existing_periodic_and_random_services_over_wireless_clinical_networks|Massive access control aided by knowledge-extraction for co-existing periodic and random services over wireless clinical networks|https://link.springer.com/article/10.1007/s10916-016-0506-5||9
1kCW-0tVCM0J|MAEB_routing_protocol_for_iot_healthcare|MAEB: routing protocol for iot healthcare|http://citeseerx.ist.psu.edu/viewdoc/download?doi=10.1.1.440.4307&rep=rep1&type=pdf|http://citeseerx.ist.psu.edu/viewdoc/download?doi=10.1.1.440.4307&rep=rep1&type=pdf|4
bLCGuCIjAVEJ|Personal_home_healthcare_system_for_the_cardiac_patient_of_smart_city_using_fuzzy_logic|Personal home healthcare system for the cardiac patient of smart city using fuzzy logic|https://pdfs.semanticscholar.org/153b/af9752bbca1ceac54abf2ac4495a01e9fa2c.pdf|https://pdfs.semanticscholar.org/153b/af9752bbca1ceac54abf2ac4495a01e9fa2c.pdf|4
Voh8_9BaHFUJ|Refactoring_internet_of_things_middleware_through_software_defined_network|Refactoring internet of things middleware through software-defined network|https://dl.acm.org/citation.cfm?id=2695861|https://www.researchgate.net/profile/Liane_Tarouco/publication/289554143_Refactoring_internet_of_things_middleware_through_software-defined_network/links/571e19f908aed056fa22649f/Refactoring-internet-of-things-middleware-through-software-defined-network.pdf|2
4VtWKHLurA4J|Telecommunication_integration_in_e_healthcare_technologies_applications_and_challenges|Telecommunication integration in e‐healthcare: technologies, applications and challenges|http://onlinelibrary.wiley.com/doi/10.1002/ett.3025/full||6
XC5AC4scMyAJ|A_computational_method_for_the_European_option_price_in_an_Internet_of_Things_framework|A computational method for the European option price in an Internet of Things framework|https://www.sciencedirect.com/science/article/pii/S0167739X17316680||2
6espcH16cFYJ|Toward_gaming_as_a_service|Toward gaming as a service|http://ieeexplore.ieee.org/abstract/document/6818918/|http://www.ece.ubc.ca/~minchen/min_paper/2014/2014-12-IEEE-InternetComputing-2-GaaS.pdf|34
UNOvo29v_MUJ|A_policy_enforcement_framework_for_Internet_of_Things_applications_in_the_smart_health|A policy enforcement framework for Internet of Things applications in the smart health|https://www.sciencedirect.com/science/article/pii/S2352648316300435|https://www.researchgate.net/profile/Alessandra_Rizzardi/publication/317401243_Policy_Enforcement_Framework_for_Internet_of_Things_Applications_in_the_Smart_Health/links/59db2d9ca6fdcc2aad14d380/Policy-Enforcement-Framework-for-Internet-of-Things-Applications-in-the-Smart-Health.pdf|2
yGJjhRD5XOIJ|Future_of_the_Internet_of_things_in_mission_critical_applications|Future of the Internet of things in mission critical applications|https://papers.ssrn.com/sol3/papers.cfm?abstract_id=2863204|https://siliconflatirons.org/wp-content/uploads/2016/11/IoT-Roundtable-Report.pdf|2
BhySFBnSg5wJ|Semantic_code_clone_detection_for_Internet_of_things_applications_using_reaching_definition_and_liveness_analysis|Semantic code clone detection for Internet of things applications using reaching definition and liveness analysis|https://link.springer.com/article/10.1007/s11227-016-1832-6||3
WB1CNATByosJ|A_data_partitioning_and_scrambling_method_to_secure_cloud_storage_with_healthcare_applications|A data partitioning and scrambling method to secure cloud storage with healthcare applications|http://ieeexplore.ieee.org/abstract/document/7248367/||4
N7XiEYcGFJ0J|A_Survey_on_the_Internet_of_Things_Solutions_for_the_Elderly_and_Disabled_Applications_Prospects_and_Challenges|A Survey on the Internet of Things Solutions for the Elderly and Disabled: Applications, Prospects, and Challenges|http://www.ijcna.org/Manuscripts/IJCNA-2017-O-08.pdf|http://www.ijcna.org/Manuscripts/IJCNA-2017-O-08.pdf|2
l6zGl5hasgwJ|Wirelessly_interfacing_objects_and_subjects_of_healthcare_system_iot_approach|Wirelessly interfacing objects and subjects of healthcare system–iot approach|http://www.eejournal.ktu.lt/index.php/elt/article/view/15317|http://www.eejournal.ktu.lt/index.php/elt/article/viewFile/15317/7898|4
oMW9dLF8Q_0J|A_study_of_IoT_based_post_disaster_management|A study of IoT-based post-disaster management|http://ieeexplore.ieee.org/abstract/document/7899468/|https://www.researchgate.net/profile/Jairo_Gutierrez2/publication/309764570_A_Study_of_IoT-based_Post-Disaster_Management/links/59f151270f7e9beabfca4da3/A-Study-of-IoT-based-Post-Disaster-Management.pdf|3
87pApyd8FGkJ|Smart_supply_chain_management_using_internet_of_things_IoT_and_low_power_wireless_communication_systems|Smart supply chain management using internet of things (IoT) and low power wireless communication systems|http://ieeexplore.ieee.org/abstract/document/7566196/||3
qHltXDvvBEIJ|Sensor_Technologies_using_ZigBee_and_RFID_within_the_Cloud_of_Internet_of_Things_in_Healthcare_Applications|Sensor Technologies using ZigBee and RFID within the Cloud of Internet of Things in Healthcare Applications|http://search.proquest.com/openview/28efbea047773ad07c0c998b24809b1d/1?pq-origsite=gscholar&cbl=2035040||1
PMJft2qH6G8J|A_survey_of_security_aspects_for_Internet_of_Things_in_healthcare|A survey of security aspects for Internet of Things in healthcare|https://link.springer.com/10.1007/978-981-10-0557-2_117||1
-4jiELV_1b0J|Caring_An_Undiscovered_Super_ility_of_Smart_Healthcare|Caring: An Undiscovered" Super-ility" of Smart Healthcare|http://ieeexplore.ieee.org/abstract/document/7725236/|https://www.ncbi.nlm.nih.gov/pmc/articles/PMC5267493/|2
PKyhHRadUIoJ|Evaluating_perception_characteristics_and_research_directions_for_internet_of_things_IoT_an_investigational_survey|Evaluating perception, characteristics and research directions for internet of things (IoT): an investigational survey|http://search.proquest.com/openview/989465acb6a2aef7a15229d8ff4249b1/1?pq-origsite=gscholar&cbl=136216|http://citeseerx.ist.psu.edu/viewdoc/download?doi=10.1.1.695.7885&rep=rep1&type=pdf|2
IbVjynLbMToJ|Why_Making_Connections|Why Making Connections|http://www.himsschapter.org/sites/himsschapter/files/ChapterContent/hoa/Dr.%20Shafiq%20Rab.pdf||3
c5Uq1Z__n5wJ|Social_Internet_of_Things_in_Healthcare_From_Things_to_Social_Things_in_Internet_of_Things|Social Internet of Things in Healthcare: From Things to Social Things in Internet of Things|https://books.google.com/books?hl=en&lr=&id=7RshDgAAQBAJ&oi=fnd&pg=PA88&dq=%22Internet+of+Things%3B+*Healthcare*%22&ots=PoUHzAxWcO&sig=_MxyIiKXqGVWOYOhtg3T6sPSk9c||1
InWl-NFQMEwJ|On_the_security_of_a_new_ultra_lightweight_authentication_protocol_in_IoT_environment_for_RFID_tags|On the security of a new ultra-lightweight authentication protocol in IoT environment for RFID tags|https://link.springer.com/article/10.1007/s11227-017-2105-8||3
4hjh7ztb8bEJ|A_method_of_ECG_template_extraction_for_biometrics_applications|A method of ECG template extraction for biometrics applications|http://ieeexplore.ieee.org/abstract/document/6943663/||3
NRqZssKG0-MJ|New_secure_healthcare_system_using_cloud_of_things|New secure healthcare system using cloud of things|https://link.springer.com/article/10.1007/s10586-017-0872-x|https://pdfs.semanticscholar.org/6775/7b06729caf2ee06184acfd28cfc7e275d285.pdf|2
KvtiOaFEsBoJ|The_Future_Impact_of_Healthcare_Services_Digitalization_on_Health_Workforce_The_Increasing_Role_of_Medical_Informatics|The Future Impact of Healthcare Services Digitalization on Health Workforce: The Increasing Role of Medical Informatics.|http://europepmc.org/abstract/med/27577470||3
w2uX8ztv1nEJ|Social_network_analysis_in_healthcare|Social network analysis in healthcare|https://link.springer.com/chapter/10.1007/978-3-319-49736-5_13||3
CcEBu6QVo94J|The_risks_and_rewards_of_value_based_reimbursement|The risks and rewards of value-based reimbursement|https://journals.lww.com/frontiersonline/Abstract/2015/10000/The_Risks_and_Rewards_of_Value_Based_Reimbursement.2.aspx||6
rc_ZXlMYL5oJ|Effectiveness_of_web_based_social_sensing_in_health_information_dissemination_A_review|Effectiveness of web-based social sensing in health information dissemination—A review|https://www.sciencedirect.com/science/article/pii/S0736585315300654||6
cRLKj0cLJ-kJ|An_Aggregation_Plateform_for_IoT_Based_Healthcare_Illustration_for_Bioimpedancemetry_Temperature_and_Fatigue_Level_Monitoring|An Aggregation Plateform for IoT-Based Healthcare: Illustration for Bioimpedancemetry, Temperature and Fatigue Level Monitoring|https://link.springer.com/chapter/10.1007/978-3-319-51234-1_20|https://www.researchgate.net/profile/Antoine_Jamin/publication/311934140_An_aggregation_plateform_for_IoT-based_healthcare_illustration_for_bioimpedancemetry_temperature_and_fatigue_level_monitoring/links/5863783e08ae329d62039a85.pdf|3
49GUxSQf8DgJ|Understanding_the_role_of_internet_of_things_towards_smart_e_healthcare_services|Understanding the role of internet of things towards smart e-healthcare services|http://www.biomedres.info/biomedical-research/understanding-the-role-of-internet-of-things-towards-smart-ehealthcare-services.html|http://www.biomedres.info/biomedical-research/understanding-the-role-of-internet-of-things-towards-smart-ehealthcare-services.html|1
YGrxB8xk-3UJ|Internet_of_Things_and_big_data_for_smarter_healthcare_From_device_to_architecture_applications_and_analytics|Internet-of-Things and big data for smarter healthcare: From device to architecture, applications and analytics|https://www.sciencedirect.com/science/article/pii/S0167739X17319726|https://eprints.soton.ac.uk/414127/1/FGCS_Editorial.pdf|2
AGU5Yxlu7MYJ|The_Rise_of_Internet_of_Things_IoT_in_Big_Healthcare_Data_Review_and_Open_Research_Issues|The Rise of Internet of Things (IoT) in Big Healthcare Data: Review and Open Research Issues|https://link.springer.com/chapter/10.1007/978-981-10-6875-1_66||1
PjpFi4reRNQJ|A_fast_and_scalable_approach_for_IoT_service_selection_based_on_a_physical_service_model|A fast and scalable approach for IoT service selection based on a physical service model|https://link.springer.com/article/10.1007/s10796-016-9650-1||5
WeQECYz1I6kJ|Game_Based_Cryptanalysis_of_a_Lightweight_CRC_Based_Authentication_Protocol_for_EPC_Tags|Game-Based Cryptanalysis of a Lightweight CRC-Based Authentication Protocol for EPC Tags|http://eej.aut.ac.ir/article_438_0.html|http://eej.aut.ac.ir/article_438_692104c490b02f7f411555f1bb4735e6.pdf|3
7RCAeG21NuIJ|Identity_privacy_preserving_biometric_based_authentication_scheme_for_Naked_healthcare_environment|Identity privacy preserving biometric based authentication scheme for Naked healthcare environment|http://ieeexplore.ieee.org/abstract/document/7996966/|https://pdfs.semanticscholar.org/4ac5/a94b4c45955a95996aa528cbbc2e968c0c90.pdf|3
hiZDSK5ur18J|Vitality_of_Robotics_in_Healthcare_Industry_An_Internet_of_Things_IoT_Perspective|Vitality of Robotics in Healthcare Industry: An Internet of Things (IoT) Perspective|https://link.springer.com/chapter/10.1007/978-3-319-49736-5_5|https://www.researchgate.net/profile/Ankit_Patel25/publication/312024986_Vitality_of_Robotics_in_Healthcare_Industry_An_Internet_of_Things_IoT_Perspective/links/59d63123aca27213df9e71c3/Vitality-of-Robotics-in-Healthcare-Industry-An-Internet-of-Things-IoT-Perspective.pdf|1
7WeuVaI-qvwJ|A_full_custom_analog_front_end_for_long_time_ECG_monitoring|A full custom analog front-end for long-time ECG monitoring|http://ieeexplore.ieee.org/abstract/document/6610230/||3
4IKC9M2ZM9MJ|Do_It_Yourself_solution_of_Internet_of_Things_Healthcare_System_Measuring_body_parameters_and_environmental_parameters_affecting_health|Do It Yourself solution of Internet of Things Healthcare System: Measuring body parameters and environmental parameters affecting health|https://www.researchgate.net/profile/Vladimir_Vujovic/publication/297869237_Do_It_Yourself_solution_of_Internet_of_Things_Healthcare_System_Measuring_body_parameters_and_environmental_parameters_affecting_health/links/56e3ebcd08ae68afa1105942/Do-It-Yourself-solution-of-Internet-of-Things-Healthcare-System-Measuring-body-parameters-and-environmental-parameters-affecting-health.pdf|https://www.researchgate.net/profile/Vladimir_Vujovic/publication/297869237_Do_It_Yourself_solution_of_Internet_of_Things_Healthcare_System_Measuring_body_parameters_and_environmental_parameters_affecting_health/links/56e3ebcd08ae68afa1105942/Do-It-Yourself-solution-of-Internet-of-Things-Healthcare-System-Measuring-body-parameters-and-environmental-parameters-affecting-health.pdf|2
eIiIsd6WhKQJ|A_survey_on_big_data_and_internet_of_things|A survey on big data and internet of things|http://search.proquest.com/openview/c96e3895623c9d4d2eb559a9aa0bbde6/1?pq-origsite=gscholar&cbl=2042207|https://www.researchgate.net/profile/Vijayalakshmi_Sr2/publication/308379692_Challenges_in_Integrating_Wireless_Sensor_Network_and_Internet_of_Things_for_Environmental_Monitoring/links/57e271b208ae1f0b4d95c83c.pdf#page=174|1
Ka75-UkvbmUJ|Fuzzy_modeling_of_the_medical_treatment_effects_of_superoxide_dismutase|Fuzzy modeling of the medical treatment effects of superoxide dismutase|http://onlinelibrary.wiley.com/doi/10.1111/j.1468-0394.2006.00413.x/full||5
IiIMHQfTowAJ|Lightweight_Break_glass_Access_Control_System_for_Healthcare_Internet_of_Things|Lightweight Break-glass Access Control System for Healthcare Internet-of-Things|http://ieeexplore.ieee.org/abstract/document/8036213/||1
9pnGcj7odGAJ|The_IoT_Exciting_Possibilities_for_Bettering_Lives_Special_application_scenarios|The IoT: Exciting Possibilities for Bettering Lives: Special application scenarios|http://ieeexplore.ieee.org/abstract/document/7450744/||4
vpHecoOeenwJ|Sensor_based_healthcare_information_system|Sensor based healthcare information system|http://ieeexplore.ieee.org/abstract/document/7801219/||2
D0LopmHaJOwJ|Defining_the_ASSET_scenarios|Defining the ASSET scenarios|https://www.nr.no/directdownload/1362403013/DART-17-2012.pdf|https://www.nr.no/directdownload/1362403013/DART-17-2012.pdf|3
vm05Nu1B8_UJ|A_security_framework_for_wireless_body_area_network_based_smart_healthcare_system|A security framework for wireless body area network based smart healthcare system|https://pdfs.semanticscholar.org/8b7c/327d696ae2065d81db68ee876f50435cf005.pdf|https://pdfs.semanticscholar.org/8b7c/327d696ae2065d81db68ee876f50435cf005.pdf|2
7leR8UOE2VMJ|Smartphone_Apps_A_Patient_s_New_Best_Friend|Smartphone Apps: A Patient's New Best Friend?|http://cjasn.asnjournals.org/content/11/6/935.short|http://cjasn.asnjournals.org/content/11/6/935.full|3
4I4ocG7j6ZIJ|Microbial_bioinformatics_2020|Microbial bioinformatics 2020|http://onlinelibrary.wiley.com/doi/10.1111/1751-7915.12389/full|http://onlinelibrary.wiley.com/doi/10.1111/1751-7915.12389/full|4
54pwLfQ0LggJ|Digital_Master_as_an_Enabler_for_Industry_4_0|Digital Master as an Enabler for Industry 4.0.|https://www.researchgate.net/profile/Josip_Stjepandic/publication/308793147_Digital_Master_as_an_Enabler_for_Industry_40/links/59db2d34aca272e6096e1aef/Digital-Master-as-an-Enabler-for-Industry-40.pdf|https://www.researchgate.net/profile/Josip_Stjepandic/publication/308793147_Digital_Master_as_an_Enabler_for_Industry_40/links/59db2d34aca272e6096e1aef/Digital-Master-as-an-Enabler-for-Industry-40.pdf|3
q4YkyyMyd9sJ|Performance_Evaluation_of_Server_side_JavaScript_for_Healthcare_Hub_Server_in_Remote_Healthcare_Monitoring_System|Performance Evaluation of Server-side JavaScript for Healthcare Hub Server in Remote Healthcare Monitoring System|https://www.sciencedirect.com/science/article/pii/S1877050916322037|https://www.sciencedirect.com/science/article/pii/S1877050916322037/pdf?md5=fda5d355c1b6d655602ccb55b9398b8c&pid=1-s2.0-S1877050916322037-main.pdf&_valck=1|3
TTLvxFrUMbIJ|Sequential_decision_making_in_healthcare_IoT_Real_time_health_monitoring_treatments_and_interventions|Sequential decision-making in healthcare IoT: Real-time health monitoring, treatments and interventions|http://ieeexplore.ieee.org/abstract/document/7845446/||2
e1ytF42yygMJ|Emerging_biomedical_health_care_system_by_using_Internet_of_Things|Emerging biomedical health care system by using Internet of Things|https://www.scientific.net/JBBBE.27.103||1
bN3COCRSXQQJ|Video_encoding_and_streaming_mechanisms_in_IoT_Low_Power_Networks|Video encoding and streaming mechanisms in IoT Low Power Networks|http://ieeexplore.ieee.org/abstract/document/7300839/||2
X_BMQJeh1zAJ|Futures_business_models_of_an_Internet_of_Things_IoT_enabled_Healthcare_sector|Futures business models of an Internet of Things (IoT) enabled Healthcare sector|http://jultika.oulu.fi/files/nbnfioulu-201512032222.pdf|http://jultika.oulu.fi/files/nbnfioulu-201512032222.pdf|1
xYqo-qejzDoJ|Use_of_hierarchical_decision_modeling_to_select_target_markets_for_a_new_personal_healthcare_device|Use of hierarchical decision modeling to select target markets for a new personal healthcare device|http://www.healthpolicyandtechnology.org/article/S2211-8837(15)00091-X/abstract||2
ISHQq-cStGEJ|A_Survey_on_Internet_of_Things_Case_Studies_Applications_and_Future_Directions|A Survey on Internet of Things: Case Studies, Applications, and Future Directions|https://link.springer.com/chapter/10.1007/978-3-319-53472-5_14||1
lOykGPQiFWQJ|BOOK_B_The_Human_Element_of_Big_Data_Issues_Analytics_and_Performance|[BOOK][B] The Human Element of Big Data: Issues, Analytics, and Performance|https://books.google.com/books?hl=en&lr=&id=zisNDgAAQBAJ&oi=fnd&pg=PP1&dq=%22Internet+of+Things%3B+*Healthcare*%22&ots=BODlNXpCEC&sig=2dnomWpCoBnUKb1-RYnZfxphSOE||2
Bz4_xbHuXjgJ|Adoption_of_Internet_of_Things_in_India_A_test_of_competing_models_using_a_structured_equation_modeling_approach|Adoption of Internet of Things in India: A test of competing models using a structured equation modeling approach|https://www.sciencedirect.com/science/article/pii/S0040162517302949|https://fardapaper.ir/mohavaha/uploads/2017/09/Adoption-of-Internet-of-Things-in-India-A-test-of-competing-models-using-a-structured.pdf|2
pwq7Nt8-iP8J|A_trial_of_yoking_proof_protocol_in_RFID_based_smart_home_environment|A trial of yoking-proof protocol in RFID-based smart-home environment|https://link.springer.com/chapter/10.1007/978-3-319-51917-3_3|https://www.researchgate.net/profile/Pavel_Masek4/publication/311107948_A_Trial_of_Yoking-proof_Protocol_in_RFID-based_Smart-Home_Environment/links/583e7a4908ae61f75dc50db5/A-Trial-of-Yoking-proof-Protocol-in-RFID-based-Smart-Home-Environment.pdf|2
H97BRQ8iiN4J|Consumer_adaptation_and_infusion_of_wearable_devices_for_healthcare|Consumer adaptation and infusion of wearable devices for healthcare|https://www.sciencedirect.com/science/article/pii/S0747563217304284||2
0vu_01FktGEJ|Analysis_of_the_key_influencing_factors_of_haze_information_dissemination_behavior_and_motivation_in_WeChat|Analysis of the key influencing factors of haze information dissemination behavior and motivation in WeChat|http://www.emeraldinsight.com/doi/abs/10.1108/IDD-09-2016-0029||3
uXjYQ7pqa8UJ|User_preference_for_an_IoT_healthcare_application_for_lifestyle_disease_management|User preference for an IoT healthcare application for lifestyle disease management|https://www.sciencedirect.com/science/article/pii/S030859611730109X||2
ncHCyEegafQJ|Fog_Computing_in_Healthcare_A_Review_and_Discussion|Fog Computing in Healthcare–A Review and Discussion|http://ieeexplore.ieee.org/abstract/document/7927714/|http://ieeexplore.ieee.org/iel7/6287639/7859429/07927714.pdf|4
5fKCByUKlNEJ|Introduction_Advances_in_e_business_engineering_and_management|Introduction: Advances in e-business engineering and management|https://link.springer.com/article/10.1007/s10799-016-0260-x|https://link.springer.com/article/10.1007/s10799-016-0260-x|3
p-ToST4K8DEJ|Sensing_as_a_service_approach_in_health_monitoring|Sensing as a service approach in health monitoring|http://ieeexplore.ieee.org/abstract/document/7753240/||2
zOoTYmEP2v0J|Security_Analysis_of_an_IoT_Architecture_for_Healthcare|Security Analysis of an IoT Architecture for Healthcare|https://link.springer.com/chapter/10.1007/978-3-319-47063-4_48|https://www.researchgate.net/profile/Maria_Villalba6/publication/284253667_Security_analysis_of_an_IoT_architecture_for_Healthcare/links/58370d5308ae3a74b49af652/Security-analysis-of-an-IoT-architecture-for-Healthcare.pdf|1
1UAFSPy1hccJ|Design_for_X_DfX_in_the_Internet_of_Things_IoT|Design for X (DfX) in the Internet of Things (IoT)|https://arxiv.org/abs/1707.06208|https://arxiv.org/pdf/1707.06208|1
zohuN19zQx8J|A_stochastic_game_net_based_model_for_effective_decision_making_in_smart_environments|A stochastic game net‐based model for effective decision‐making in smart environments|http://onlinelibrary.wiley.com/doi/10.1002/cpe.3843/full||3
ycfwgTrwlxkJ|A_workflow_for_design_and_evaluation_of_embedded_control_systems_in_medical_devices|A workflow for design and evaluation of embedded control systems in medical devices|https://www.inderscienceonline.com/doi/abs/10.1504/IJBET.2013.058446||3
3pujPjZ1IkIJ|Performance_evaluation_and_analysis_of_lightweight_symmetric_encryption_algorithms_for_internet_of_things|Performance evaluation and analysis of lightweight symmetric encryption algorithms for internet of things|https://www.inderscienceonline.com/doi/abs/10.1504/IJRIS.2016.080072||1
9MuI0AYrUXYJ|On_precisely_relating_the_growth_of_phalaenopsis_leaves_to_greenhouse_environmental_factors_by_using_an_IoT_based_monitoring_system|On precisely relating the growth of phalaenopsis leaves to greenhouse environmental factors by using an IoT-based monitoring system|https://www.sciencedirect.com/science/article/pii/S016816991630401X||4
MFVrOJVgSwcJ|A_middleware_platform_for_integrating_devices_and_developing_applications_in_e_health|A middleware platform for integrating devices and developing applications in e-health|http://ieeexplore.ieee.org/abstract/document/7320508/|http://www.dimap.ufrn.br/~everton/publications/2015-SBRC.pdf|2
b3SzMMYxT00J|Psychroneity_The_Interaction_of_Self_with_High_Tech_Technology|Psychroneity: The Interaction of Self with High-Tech Technology.|http://search.ebscohost.com/login.aspx?direct=true&profile=ehost&scope=site&authtype=crawler&jrnl=18366236&AN=100638959&h=ZQP7FiezT%2FTW9lOaoiwZt4Kp2pMM2qgyWXO%2FPz98LYSPEcYR%2Fi1CuQYIzThOzkcKzd9IT6WBnp3ttLzLV2IABA%3D%3D&crl=c||4
7fDXQVHCpd0J|Big_data_in_healthcare_Prospects_challenges_and_resolutions|Big data in healthcare: Prospects, challenges and resolutions|http://ieeexplore.ieee.org/abstract/document/7821747/||3
nyGJOD-NELcJ|A_comprehensive_health_assessment_framework_to_facilitate_IoT_assisted_smart_workouts_A_predictive_healthcare_perspective|A comprehensive health assessment framework to facilitate IoT-assisted smart workouts: A predictive healthcare perspective|https://www.sciencedirect.com/science/article/pii/S0166361516303177|http://sandeepsood.in/wp-content/uploads/2017/07/munish-gym.compressed.pdf|2
5s6ylEpvkhIJ|Towards_secure_authenticating_of_cache_in_the_reader_for_RFID_based_IoT_systems|Towards secure authenticating of cache in the reader for RFID-based IoT systems|https://link.springer.com/article/10.1007/s12083-017-0564-6||2
Mc-ij6NqjxsJ|Enhancing_privacy_of_recent_authentication_schemes_for_low_cost_RFID_systems|Enhancing privacy of recent authentication schemes for low-cost RFID systems|http://www.isecure-journal.com/index.php/isecure/article/view/article_39212_0.html|http://www.isecure-journal.com/article_39212_bd0bcfa447e511b0b23c9facd074c1bb.pdf|4
eiNIdNKCBfoJ|Challenges_in_performance_monitoring_of_hyper_connected_iot_systems|Challenges in performance monitoring of hyper connected iot systems|http://ieeexplore.ieee.org/abstract/document/7562717/||1
7I8ftVezFPMJ|A_secure_authentication_scheme_for_Internet_of_Things|A secure authentication scheme for Internet of Things|https://www.sciencedirect.com/science/article/pii/S1574119216304369||1
yhD5fn5kEhAJ|Issues_and_challenges_in_healthcare_narrowband_IoT|Issues and challenges in healthcare narrowband IoT|http://ieeexplore.ieee.org/abstract/document/7975247/||1
_FZOJgjifIsJ|Wearable_technology_role_in_respiratory_health_and_disease|Wearable technology: role in respiratory health and disease|https://www.ncbi.nlm.nih.gov/pmc/articles/PMC5621614/|https://www.ncbi.nlm.nih.gov/pmc/articles/PMC5621614/|2
gOiZiBv1nrQJ|A_Privacy_Preserving_Improvement_for_SRTA_in_Telecare_Systems|A Privacy Preserving Improvement for SRTA in Telecare Systems|https://arxiv.org/abs/1510.04197|https://arxiv.org/pdf/1510.04197|2
5kr3_94nyWgJ|A_survey_on_security_of_IoT_in_the_context_of_eHealth_and_clouds|A survey on security of IoT in the context of eHealth and clouds|http://ieeexplore.ieee.org/abstract/document/7843009/||1
lVC6JjG0I74J|Exploring_Complexity_in_Health_An_Interdisciplinary_Systems_Approach_Proceedings_of_MIE2016|Exploring Complexity in Health: An Interdisciplinary Systems Approach: Proceedings of MIE2016|https://books.google.com/books?hl=en&lr=&id=GxGhDQAAQBAJ&oi=fnd&pg=PR1&dq=%22Internet+of+Things%3B+*Healthcare*%22&ots=fImnyS5BAH&sig=FPn5PieP-vDeexJGlbICI5fWMZ0||2
