d2oIL4TzJpQJ|Energy_efficient_dynamic_packet_downloading_for_medical_IoT_platforms|Energy-efficient dynamic packet downloading for medical IoT platforms|http://ieeexplore.ieee.org/abstract/document/7109892/||16
6DCU9N3vfskJ|A_multiple_communication_standards_compatible_IoT_system_for_medical_usage|A multiple communication standards compatible IoT system for medical usage|http://ieeexplore.ieee.org/abstract/document/6577775/||6
EuelhdE-rFIJ|Real_Time_Internet_Application_with_distributed_flow_environment_for_medical_IoT|Real Time Internet Application with distributed flow environment for medical IoT|http://ieeexplore.ieee.org/abstract/document/7380578/||6
k1K0Axy7FdoJ|SemanMedical_a_kind_of_semantic_medical_monitoring_system_model_based_on_the_IoT_sensors|SemanMedical: a kind of semantic medical monitoring system model based on the IoT sensors|http://ieeexplore.ieee.org/abstract/document/6379414/||15
hfbbvgbwuxMJ|A_conceptual_framework_for_trajectory_based_medical_analytics_with_IoT_contexts|A conceptual framework for trajectory-based medical analytics with IoT contexts|https://www.sciencedirect.com/science/article/pii/S002200001500135X|http://www.anmat.gov.ar/boletin_anmat/mayo_2016/Dispo_5856-16.pdf|12
RA7btMzXcYAJ|Multi_hop_wban_construction_for_healthcare_iot_systems|Multi-hop wban construction for healthcare iot systems|http://ieeexplore.ieee.org/abstract/document/7079625/||4
m5jLoqON66MJ|Performance_evaluation_of_IoT_protocols_under_a_constrained_wireless_access_network|Performance evaluation of IoT protocols under a constrained wireless access network|http://ieeexplore.ieee.org/abstract/document/7496622/|http://cgweb1.northumbria.ac.uk/SubjectAreaResources/KF7046/papers/review/iot/ck16.pdf|15
KrCIKrVg54IJ|Internet_of_things_and_big_data_technologies_for_next_generation_healthcare|Internet of things and big data technologies for next generation healthcare|https://link.springer.com/content/pdf/10.1007/978-3-319-49736-5.pdf||17
fVDBL9ip424J|Smart_Hospital_based_on_Internet_of_Things|Smart Hospital based on Internet of Things.|https://pdfs.semanticscholar.org/d46c/893f871f852d503cd9f88336956487df7b13.pdf#page=157|https://pdfs.semanticscholar.org/d46c/893f871f852d503cd9f88336956487df7b13.pdf#page=157|32
Dn3Lf_u64FwJ|Rapid_evidence_based_development_of_mobile_medical_iot_apps|Rapid evidence-based development of mobile medical iot apps|http://ieeexplore.ieee.org/abstract/document/7457157/||2
G5wD1ABmmS8J|Enabling_IoT_interoperability_through_opportunistic_smartphone_based_mobile_gateways|Enabling IoT interoperability through opportunistic smartphone-based mobile gateways|https://www.sciencedirect.com/science/article/pii/S1084804516302405|https://www.researchgate.net/profile/Raffaele_Gravina/publication/309322854_Enabling_IoT_interoperability_through_opportunistic_smartphone-based_mobile_gateways/links/58107f5908aee15d491458ef/Enabling-IoT-interoperability-through-opportunistic-smartphone-based-mobile-gateways.pdf|29
wAEeM9a7Lh4J|Home_telehealth_by_internet_of_things_IoT|Home telehealth by internet of things (IoT)|http://ieeexplore.ieee.org/abstract/document/7129344/|https://www.researchgate.net/profile/J_Karam/publication/283094561_Home_telehealth_by_Internet_of_Things_IoT/links/569a924008ae748dfb0a24fd/Home-telehealth-by-Internet-of-Things-IoT.pdf|11
ib93C2WnQLkJ|Design_requirements_for_IoT_healthcare_model_using_an_open_IoT_platform|Design requirements for IoT healthcare model using an open IoT platform|http://onlinepresent.org/proceedings/vol66_2014/17.pdf|http://onlinepresent.org/proceedings/vol66_2014/17.pdf|6
snya2WKi3DsJ|Dynamic_Data_Binding_Protocol_between_IoT_Medical_Device_and_IoT_Medical_Service_for_Mobile_Healthcare|Dynamic Data Binding Protocol between IoT Medical Device and IoT Medical Service for Mobile Healthcare|https://pdfs.semanticscholar.org/4312/1c4ea77739c32935005ba8acc94e5c5daa17.pdf|https://pdfs.semanticscholar.org/4312/1c4ea77739c32935005ba8acc94e5c5daa17.pdf|5
FQWbpWq6EDkJ|Wearable_devices_in_medical_internet_of_things_scientific_research_and_commercially_available_devices|Wearable devices in medical internet of things: scientific research and commercially available devices|https://synapse.koreamed.org/search.php?where=aview&id=10.4258/hir.2017.23.1.4&code=1088HIR&vmode=FULL|https://synapse.koreamed.org/search.php?where=aview&id=10.4258/hir.2017.23.1.4&code=1088HIR&vmode=FULL|13
cXhjSI4jqhoJ|An_IoT_framework_for_healthcare_monitoring_systems|An IoT framework for healthcare monitoring systems|http://www.academia.edu/download/46607257/62_Paper_29021638_IJCSIS_Camera_Ready_Paper_pp._451-455.pdf|http://www.academia.edu/download/46607257/62_Paper_29021638_IJCSIS_Camera_Ready_Paper_pp._451-455.pdf|8
Le_IjCijO94J|Up_Close_and_Personal_Cybersecurity_in_Medical_IoT_Devices|Up Close and Personal: Cybersecurity in Medical IoT Devices|https://re.public.polimi.it/handle/11311/1007239|https://re.public.polimi.it/bitstream/11311/1007239/1/embc-zanero.pdf|1
bgFcUsmtdBkJ|Mobile_physiological_measurement_platform_with_cloud_and_analysis_functions_implemented_via_IPSO|Mobile physiological measurement platform with cloud and analysis functions implemented via IPSO|http://ieeexplore.ieee.org/abstract/document/6588926/||16
f-TOAWOwEtwJ|Internet_of_things_iot_enabled_smart_autonomous_hospital_management_system_a_real_world_health_care_use_case_with_the_technology_drivers|Internet of things (iot) enabled smart autonomous hospital management system-a real world health care use case with the technology drivers|http://ieeexplore.ieee.org/abstract/document/7435678/||5
eozjVhkH6xUJ|Development_of_physiological_parameters_gateway_for_medical_IOT_ward|Development of physiological parameters gateway for medical IOT ward|https://benthamopen.com/contents/pdf/TOAUTOCJ/TOAUTOCJ-7-1667.pdf|https://benthamopen.com/contents/pdf/TOAUTOCJ/TOAUTOCJ-7-1667.pdf|1
SizDH_4Vxq0J|Shared_node_IoT_network_architecture_with_ubiquitous_homomorphic_encryption_for_healthcare_monitoring|Shared–node IoT network architecture with ubiquitous homomorphic encryption for healthcare monitoring|https://www.inderscienceonline.com/doi/abs/10.1504/IJES.2015.066141||7
AhL5CAeY13UJ|Dynamic_service_switching_for_the_medical_iot|Dynamic service switching for the medical iot|http://ieeexplore.ieee.org/abstract/document/7794845/|https://mediatum.ub.tum.de/doc/1343080/file.pdf|1
-LUnws8JbYsJ|Forecasting_of_biosensor_technologies_for_emerging_point_of_care_and_medical_IoT_applications_using_bibliometrics_and_patent_analysis|Forecasting of biosensor technologies for emerging point of care and medical IoT applications using bibliometrics and patent analysis|http://ieeexplore.ieee.org/abstract/document/7806585/||1
vC96DE8J8HYJ|Cybersecurity_From_months_to_milliseconds|Cybersecurity: From months to milliseconds|http://ieeexplore.ieee.org/abstract/document/7030229/|https://secwww.jhuapl.edu/iacd/Resources/Reference_Materials/07030229_Cybersecurity_From_Months_to_Milliseconds_2015-2.pdf|13
9fpJTNDai0UJ|A_survey_on_IoT_applications_security_challenges_and_counter_measures|A survey on IoT applications, security challenges and counter measures|http://ieeexplore.ieee.org/abstract/document/7914983/||3
yYjdKmCeLdUJ|A_personal_health_index_system_with_IoT_devices|A personal health index system with IoT devices|http://ieeexplore.ieee.org/abstract/document/7787072/||1
1Af4y0JE7WgJ|Distributed_device_health_platform_using_Internet_of_Things_devices|Distributed device health platform using Internet of Things devices|http://ieeexplore.ieee.org/abstract/document/7396553/||4
Mop4YIT39GgJ|Security_Without_IoT_Mandatory_Backdoors_Using_Distributed_Encrypted_Public_Recording_to_Catch_Prosecute_Suspects|Security Without IoT Mandatory Backdoors: Using Distributed Encrypted Public Recording to Catch & Prosecute Suspects|https://papers.ssrn.com/sol3/papers.cfm?abstract_id=2795682||3
hLn3xagidfsJ|IoT_gateway_implementation_proposal_based_on_Arduino_board|IoT gateway-implementation proposal based on Arduino board|http://ieeexplore.ieee.org/abstract/document/7733369/|https://annals-csis.org/Volume_8/pliks/283.pdf|3
UmC_NjI4qJUJ|Architecture_and_plan_of_smart_hospital_based_on_Internet_of_Things_IOT|Architecture and plan of smart hospital based on Internet of Things (IOT)|https://irjet.net/archives/V4/i4/IRJET-V4I4411.pdf|https://irjet.net/archives/V4/i4/IRJET-V4I4411.pdf|2
Jjgpu-kJAegJ|An_application_driven_modular_IoT_architecture|An application-driven modular IoT architecture|https://www.hindawi.com/journals/wcmc/2017/1350929/abs/|http://downloads.hindawi.com/journals/wcmc/2017/1350929.pdf|4
bGzxq61OxO4J|High_performance_multi_operand_adder_for_medical_images|High performance multi-operand adder for medical images|http://www.tandfonline.com/doi/abs/10.1080/10798587.2016.1231475||1
B_q0_TpUGnUJ|Cyber_physical_systems|Cyber-physical systems|http://ieeexplore.ieee.org/abstract/document/7912263/|http://ieeexplore.ieee.org/iel7/2/7912159/07912263.pdf|4
X9pW5IpZMwgJ|Analysis_of_the_FM_radio_spectrum_for_Internet_of_Things_opportunistic_access_via_cognitive_radio|Analysis of the FM radio spectrum for Internet of Things opportunistic access via cognitive radio|http://ieeexplore.ieee.org/abstract/document/7389046/||4
Ws06rxkHi40J|Fog_Computing_in_Medical_Internet_of_Things_Architecture_Implementation_and_Applications|Fog Computing in Medical Internet-of-Things: Architecture, Implementation, and Applications|https://link.springer.com/chapter/10.1007/978-3-319-58280-1_11|https://arxiv.org/pdf/1706.08012|3
sWHYW0omTnUJ|Entropy_extraction_from_bio_signals_in_healthcare_IoT|Entropy extraction from bio-signals in healthcare IoT|https://dl.acm.org/citation.cfm?id=2732213||2
IQatPMKIriwJ|Query_customization_and_trigger_optimization_on_home_care_systems|Query customization and trigger optimization on home care systems|http://ieeexplore.ieee.org/abstract/document/7988514/||1
uXjYQ7pqa8UJ|User_preference_for_an_IoT_healthcare_application_for_lifestyle_disease_management|User preference for an IoT healthcare application for lifestyle disease management|https://www.sciencedirect.com/science/article/pii/S030859611730109X||2
vLrj3CBwvgkJ|Wearable_IoT_data_stream_traceability_in_a_distributed_health_information_system|Wearable IoT data stream traceability in a distributed health information system|https://www.sciencedirect.com/science/article/pii/S1574119217303279||3
x_VyvHIkKuEJ|Islets_Protect_Sensitive_IoT_Information_Verifiably_Ending_Use_of_Sensitive_IoT_Information_for_Foreign_Mass_Surveillance_and_Thereby_Fostering_International|Islets Protect Sensitive IoT Information: Verifiably Ending Use of Sensitive IoT Information for (Foreign) Mass Surveillance and Thereby Fostering (International) …|https://papers.ssrn.com/sol3/papers.cfm?abstract_id=2836282||2
fZ8M5qnzwYUJ|A_trust_based_distributed_intrusion_detection_mechanism_for_Internet_of_Things|A trust based distributed intrusion detection mechanism for Internet of Things|http://ieeexplore.ieee.org/abstract/document/7921038/|http://people.item.ntnu.no/~herrmann/pub/AINA2017Khan.pdf|3
NoWpbULES-AJ|How_an_IoT_enabled_smart_refrigerator_can_play_a_clandestine_role_in_perpetuating_cyber_crime|How an IoT-enabled “smart refrigerator” can play a clandestine role in perpetuating cyber-crime|http://ieeexplore.ieee.org/document/8102362/||2
-hs5TvzuoeoJ|Standards_for_the_Internet_of_Things_a_case_study_in_disaster_response|Standards for the Internet of Things: a case study in disaster response|http://ieeexplore.ieee.org/abstract/document/7469984/|http://ieeexplore.ieee.org/iel7/2/7469979/07469984.pdf|2
q4Jr9WeH89YJ|Wireless_communication_of_real_time_ultrasound_data_and_control|Wireless communication of real-time ultrasound data and control|https://www.spiedigitallibrary.org/conference-proceedings-of-spie/9419/94190M/Wireless-communication-of-real-time-ultrasound-data-and-control/10.1117/12.2082310.short|http://www.academia.edu/download/43137982/SPIE2015-rjjt.pdf|2
m5FXvkh_z8IJ|IoT_Protocol_Model_on_Healthcare_Monitoring|IoT Protocol Model on Healthcare Monitoring|https://link.springer.com/chapter/10.1007/978-981-10-4086-3_49||1
vq-n3WCbtoMJ|Using_a_Medical_Intranet_of_Things_System_to_Prevent_Bed_Falls_in_an_Acute_Care_Hospital_A_Pilot_Study|Using a Medical Intranet of Things System to Prevent Bed Falls in an Acute Care Hospital: A Pilot Study|https://www.ncbi.nlm.nih.gov/pmc/articles/PMC5438463/|https://www.ncbi.nlm.nih.gov/pmc/articles/PMC5438463/|1
U9eXlm_0woIJ|Fog_Computing_and_Edge_Computing_Architectures_for_Processing_Data_From_Diabetes_Devices_Connected_to_the_Medical_Internet_of_Things|Fog Computing and Edge Computing Architectures for Processing Data From Diabetes Devices Connected to the Medical Internet of Things|http://journals.sagepub.com/doi/abs/10.1177/1932296817717007|http://journals.sagepub.com/doi/full/10.1177/1932296817717007|1
ilAEGCbE_YAJ|Cloud_centric_IoT_based_student_healthcare_monitoring_framework|Cloud-centric IoT based student healthcare monitoring framework|https://link.springer.com/article/10.1007/s12652-017-0520-6||1
_56OZw_n31wJ|Extracting_knowledge_from_technological_research_papers_in_application_of_IoT|Extracting knowledge from technological research papers in application of IoT|http://ieeexplore.ieee.org/abstract/document/7806780/||1
Nff9-s9_HRUJ|Security_Without_IoT_Mandatory_Backdoors|Security Without IoT Mandatory Backdoors|https://hal.archives-ouvertes.fr/hal-01152495/|https://hal.archives-ouvertes.fr/hal-01152495/document|1
fSyDDVRVAk8J|Security_Context_Framework_for_Distributed_Healthcare_IoT_Platform|Security Context Framework for Distributed Healthcare IoT Platform|https://link.springer.com/chapter/10.1007/978-3-319-51234-1_11|https://www.researchgate.net/profile/Akkarit_Sangpetch/publication/312569755_Security_Context_Framework_for_Distributed_Healthcare_IoT_Platform/links/59de4e64458515376b29d69f/Security-Context-Framework-for-Distributed-Healthcare-IoT-Platform.pdf|1
0_RmKu9gF0kJ|Software_Design_and_Optimization_of_ECG_Signal_Analysis_and_Diagnosis_for_Embedded_IoT_Devices|Software Design and Optimization of ECG Signal Analysis and Diagnosis for Embedded IoT Devices|https://link.springer.com/chapter/10.1007/978-3-319-42304-3_15||1
DC-VAbL3vBkJ|Energy_aware_communication_between_smart_IoT_monitoring_devices|Energy aware communication between smart IoT monitoring devices|http://ieeexplore.ieee.org/abstract/document/7570517/||1
MRGkrnS5bLMJ|Knights_landing_intel_xeon_phi_cpu_Path_to_parallelism_with_general_purpose_programming|Knights landing intel xeon phi cpu: Path to parallelism with general purpose programming|http://cgo.org/cgo2016/wp-content/uploads/2016/04/sodani-slides.pdf|http://cgo.org/cgo2016/wp-content/uploads/2016/04/sodani-slides.pdf|3
Lq6fbmmKErIJ|Secure_hardware_software_architectures_for_robust_computing_systems|Secure hardware-software architectures for robust computing systems|https://link.springer.com/chapter/10.1007/978-3-319-27164-4_17||1
ju17klsadOMJ|Futures_Business_Models_for_an_IoT_Enabled_Healthcare_Sector_A_Causal_Layered_Analysis_Perspective|Futures Business Models for an IoT Enabled Healthcare Sector: A Causal Layered Analysis Perspective|http://search.proquest.com/openview/549cdc7591a76ff7c33a59aeff19448e/1?pq-origsite=gscholar&cbl=2045787|https://journals.aau.dk/index.php/JOBM/article/viewFile/1625/1307|1
9VZRM7Q0zx8J|Telemonitoring_and_Medical_Care_of_Heart_Failure_Patients_Supported_by_Left_Ventricular_Assist_Devices_The_Medolution_Project|Telemonitoring and Medical Care of Heart Failure Patients Supported by Left Ventricular Assist Devices-The Medolution Project.|https://books.google.com.br/books?hl=pt-BR&lr=&id=2UXiDgAAQBAJ&oi=fnd&pg=PA267&dq=%22Medical+IoT%22&ots=bhdyfMzO-M&sig=CW6WM-1IN0vc2oBzugxd0DuPFqU||1
vmeIoHPJDU0J|Inflammatory_bowel_disease_individualised_dietary_therapy|Inflammatory bowel disease: individualised dietary therapy|http://citeseerx.ist.psu.edu/viewdoc/download?doi=10.1.1.952.6269&rep=rep1&type=pdf|http://citeseerx.ist.psu.edu/viewdoc/download?doi=10.1.1.952.6269&rep=rep1&type=pdf|2
jnRd9VYfD8cJ|Quality_of_service_approaches_in_IoT_A_systematic_mapping|Quality of service approaches in IoT: A systematic mapping|https://www.sciencedirect.com/science/article/pii/S016412121730105X|https://www.scss.tcd.ie/~whiteg5/pub/Quality%20of%20Service%20Approaches%20in%20IoT%20-%20A%20Systematic%20Mapping.pdf|2
nPesCXRo6oIJ|Software_based_gateway_with_distributed_flow_environment_for_medical_IoT_in_rural_areas|Software based gateway with distributed flow environment for medical IoT in rural areas|http://ieeexplore.ieee.org/abstract/document/7947858/||
saBwD13bwIUJ|Building_IoT_Enabled_Wearable_Medical_Devices_An_Application_to_a_Wearable_Multiparametric_Cardiorespiratory_Sensor|Building IoT-Enabled Wearable Medical Devices: An Application to a Wearable, Multiparametric, Cardiorespiratory Sensor|https://hal.archives-ouvertes.fr/hal-01677241/||
eujOGHhT7WAJ|Towards_Composable_Threat_Assessment_for_Medical_IoT_MIoT|Towards Composable Threat Assessment for Medical IoT (MIoT)|https://www.sciencedirect.com/science/article/pii/S1877050917317246|https://www.sciencedirect.com/science/article/pii/S1877050917317246/pdf?md5=a389c18d51249ff661dae31af48216ed&pid=1-s2.0-S1877050917317246-main.pdf&_valck=1|
2GuNeoHcsuYJ|Verifying_a_secure_authentication_protocol_for_IoT_medical_devices|Verifying a secure authentication protocol for IoT medical devices|https://link.springer.com/article/10.1007/s10586-017-1107-x||
tuTyGjrTw4MJ|Medical_IoT_systems_architecture_and_security|Medical IoT systems: architecture and security|http://iopscience.iop.org/chapter/978-0-7503-1505-0/bk978-0-7503-1505-0ch5.pdf||
k-UZKDAmuDkJ|Mining_intelligent_solution_to_compensate_missing_data_context_of_medical_IoT_devices|Mining intelligent solution to compensate missing data context of medical IoT devices|https://link.springer.com/article/10.1007/s00779-017-1106-1||
lBRAKqq0-UoJ|Cleartext_Data_Transmissions_in_Consumer_IoT_Medical_Devices|Cleartext Data Transmissions in Consumer IoT Medical Devices|https://dl.acm.org/citation.cfm?id=3139939||
G7s9UfYOfNEJ|A_Health_Assessment_Platform_with_IoT_Devices|A Health Assessment Platform with IoT Devices|http://www.koreascience.or.kr/article/ArticleFullRecord.jsp?cn=JBGHLZ_2016_v22n5_225||
n7xeW025a0sJ|Healthcare_and_Medical_IoT|Healthcare and Medical IoT|https://dspace.mit.edu/bitstream/handle/1721.1/107893/WSO.pdf?sequence=38|https://dspace.mit.edu/bitstream/handle/1721.1/107893/WSO.pdf?sequence=38|
hkU7yFkeH5QJ|Dynamic_service_synthesis_and_switching_for_medical_IoT_and_ambient_assisted_living|Dynamic service synthesis and switching for medical IoT and ambient assisted living|http://ieeexplore.ieee.org/abstract/document/7748259/|https://mediatum.ub.tum.de/doc/1398781/file.pdf|
eUNPy6XX_mMJ|Fading_Q_Liu_Z_Wang_X_He_and_DH_Zhou_1643_Energy_Efficient_Dynamic_Packet_Downloading_for_Medical_IoT_Platforms_J_Kim|… Fading...... Q. Liu, Z. Wang, X. He, and DH Zhou 1643 Energy-Efficient Dynamic Packet Downloading for Medical IoT Platforms.................................. J. Kim …|http://ieeexplore.ieee.org/abstract/document/7343795/|http://ieeexplore.ieee.org/iel7/9424/7343788/07343795.pdf|
QUGhdlNm8cUJ|Proposing_a_modeling_framework_for_minimizing_security_vulnerabilities_in_IoT_systems_in_the_healthcare_domain|Proposing a modeling framework for minimizing security vulnerabilities in IoT systems in the healthcare domain|http://ieeexplore.ieee.org/abstract/document/7897236/||
4qa05cxwN54J|A_NEWBORN_INFANT_MONITORING_APPROACH_USING_MEDICAL_IOT_DEVICES|A NEWBORN/INFANT MONITORING APPROACH USING MEDICAL IOT DEVICES.|http://search.ebscohost.com/login.aspx?direct=true&profile=ehost&scope=site&authtype=crawler&jrnl=15837904&AN=123031428&h=IVjOyiagnUQ30gQm4ak1fAoVq3kOo5jJ0p9BqFtOrZb6s%2BDieqKv%2FFqh%2FZjzf0e7iqRsFFeI5pvxM3h9bkiY9w%3D%3D&crl=c||
_YtV8w9k92sJ|SEMComm_Sharing_Electronic_Medical_Records_using_Device_to_Device_Communication|SEMComm: Sharing Electronic Medical Records using Device to Device Communication|https://dl.acm.org/citation.cfm?id=3007609|https://dl.acm.org/ft_gateway.cfm?id=3007609&type=pdf|
IRMVCFFHxZIJ|Combating_Malware_with_Whitelisting_in_IoT_based_Medical_Devices|Combating Malware with Whitelisting in IoT-based Medical Devices|https://pdfs.semanticscholar.org/7bd5/483d6ca3d200b2a03df6ed4d4c1dfa3d5fdb.pdf|https://pdfs.semanticscholar.org/7bd5/483d6ca3d200b2a03df6ed4d4c1dfa3d5fdb.pdf|
krlHKcv2PlsJ|Smart_Accident_Management_Model_a_collaboration_of_IOT_and_Body_Area_Network|Smart Accident Management Model: a collaboration of IOT and Body Area Network|http://www.aetsjournal.com/journal_issues/Smartaccident-Management-Model---A-Collaboration-Of-Iot-And-Body-Areanetwork.pdf|http://www.aetsjournal.com/journal_issues/Smartaccident-Management-Model---A-Collaboration-Of-Iot-And-Body-Areanetwork.pdf|
w5wFOlTJoAQJ|IoT_in_Medical_Analytics_Technological_Advancement_for_Health_Management|IoT in Medical Analytics: Technological Advancement for Health Management|http://academicscience.co.in/admin/resources/project/paper/f201709041504511158.pdf|http://academicscience.co.in/admin/resources/project/paper/f201709041504511158.pdf|
7NFoO4B40A4J|Guest_Editorial_Special_Section_on_Energy_Efficient_Technology_in_Sensor_Networks|Guest Editorial Special Section on Energy Efficient Technology in Sensor Networks|http://ieeexplore.ieee.org/abstract/document/7343823/|http://ieeexplore.ieee.org/iel7/9424/7343788/07343823.pdf|
KD4LQhhOxPYJ|Modelling_of_healthcare_IoT_using_the_queueing_theory|Modelling of healthcare IoT using the queueing theory|http://ieeexplore.ieee.org/abstract/document/8095207/|http://idaacs.net/storage/conferences/2/abstracts/i17-229-camera_ready.pdf|
c5c3Uq2wJq4J|Survey_on_Energy_Consumption_Modeling_Using_Topology_Controlling_Methods_for_IoT_Cloud_Federation|Survey on Energy Consumption Modeling Using Topology Controlling Methods for IoT Cloud Federation|http://www.jncet.org/Manuscripts/Volume-8/Issue-1/Vol-8-issue-1-M-07.pdf|http://www.jncet.org/Manuscripts/Volume-8/Issue-1/Vol-8-issue-1-M-07.pdf|
ELMIdIgluN0J|IOT_Based_Calorie_Calculator_For_Healthcare_System|IOT Based Calorie Calculator For Healthcare System|http://www.ijecs.in/index.php/ijecs/article/view/3221|http://www.ijecs.in/index.php/ijecs/article/download/3221/2981|
J1OeB2L6e20J|E_health_IoT_Universe_A_Review|E-health-IoT Universe: A Review|https://www.researchgate.net/profile/Noemi_Scarpato/publication/322138675_E-health-IoT_universe_A_review/links/5a4cbdc0458515a6bc6d36ed/E-health-IoT-universe-A-review.pdf|https://www.researchgate.net/profile/Noemi_Scarpato/publication/322138675_E-health-IoT_universe_A_review/links/5a4cbdc0458515a6bc6d36ed/E-health-IoT-universe-A-review.pdf|
r2msEt2gQ3wJ|An_Application_Domain_Based_Taxonomy_for_IoT_Sensors|An Application Domain-Based Taxonomy for IoT Sensors.|https://books.google.com.br/books?hl=pt-BR&lr=&id=aBKhDQAAQBAJ&oi=fnd&pg=PA249&dq=%22Medical+IoT%22&ots=Nrmnsc4zrj&sig=_JFzDBNffe-CIBuRqFSSRHYOflQ|https://hal.archives-ouvertes.fr/hal-01581127/file/2016-TE2016-Taxonomy-for-IoT-Sensors.pdf|
Y8JWkOShdJ8J|Physicians_attitudes_toward_the_use_of_IoT_medical_devices_as_part_of_their_practice|Physicians' attitudes toward the use of IoT medical devices as part of their practice|http://www.iiakm.org/ojakm/articles/2016/volume4_2/OJAKM_Volume4_2pp128-145.pdf|http://www.iiakm.org/ojakm/articles/2016/volume4_2/OJAKM_Volume4_2pp128-145.pdf|
QBYuk1pot3IJ|Review_on_Communication_Security_Issues_in_IoT_Medical_Devices|Review on Communication Security Issues in IoT Medical Devices|https://books.google.com.br/books?hl=pt-BR&lr=&id=LHQ5DwAAQBAJ&oi=fnd&pg=PA189&dq=%22Medical+IoT%22&ots=sAJvs1Xh_P&sig=8_cqHGaWToS1-7rDYCt060NNq2I||
e6MBGYfJxF8J|Privacy_preserving_fusion_of_IoT_and_big_data_for_e_health|Privacy-preserving fusion of IoT and big data for e-health|https://www.sciencedirect.com/science/article/pii/S0167739X17324391||
QQ6MIDjcS1MJ|A_Comparative_Study_of_Classification_Techniques_for_Managing_IoT_Devices_of_Common_Specifications|A Comparative Study of Classification Techniques for Managing IoT Devices of Common Specifications|https://link.springer.com/chapter/10.1007/978-3-319-68066-8_6||
NJCZLgVXFloJ|Wear_it_well_Wearable_healthcare|Wear it well [Wearable healthcare]|http://digital-library.theiet.org/content/journals/10.1049/et.2017.0100||
8By5ri06tmwJ|IoT_Based_Health_Monitoring_System_for_Active_and_Assisted_Living|IoT-Based Health Monitoring System for Active and Assisted Living|https://link.springer.com/chapter/10.1007/978-3-319-61949-1_2||
LN0wP8egsEsJ|Signal_Monitoring_in_a_Telemedicine_System_for_Emergency_Medical_Services|Signal Monitoring in a Telemedicine System for Emergency Medical Services|https://link.springer.com/chapter/10.1007/978-981-10-5544-7_33||
6Wj-QErg6oIJ|Introduction_to_Large_Scale_Distributed_Computing_in_Smart_Healthcare|Introduction to Large-Scale Distributed Computing in Smart Healthcare|https://link.springer.com/chapter/10.1007/978-3-319-58280-1_1||
cTRWR_x_ue4J|INFRASTRUCTURE_DISRUPTION_INTERNET_OF_THINGS_SECURITY|INFRASTRUCTURE DISRUPTION: INTERNET OF THINGS SECURITY|http://blog.cybersecuritylaw.us/wp-content/uploads/2016/11/HHRG-114-IF17-Wstate-FuK-20161116.pdf|http://blog.cybersecuritylaw.us/wp-content/uploads/2016/11/HHRG-114-IF17-Wstate-FuK-20161116.pdf|
Xq6nYjcDfKsJ|ENERGY_HARVESTING_USINGNANOGENERATORSIN_IOT|ENERGY HARVESTING USINGNANOGENERATORSIN IOT|http://www.academia.edu/download/45286991/xkernd00_stud_feec_vutbr_cz_2016-03-29_03-07-14.pdf|http://www.academia.edu/download/45286991/xkernd00_stud_feec_vutbr_cz_2016-03-29_03-07-14.pdf|
A6ktcF8KfcsJ|Security_without_IoT_Mandatory_Backdoors|Security without IoT Mandatory Backdoors|https://hal.inria.fr/hal-01152495v14/document|https://hal.inria.fr/hal-01152495v14/document|
RXJBgt_Op1YJ|Futures_Business_Models_for_an_IoT_enabled_Health_Care_sector_from_a_causal_layered_perspective|Futures Business Models for an IoT enabled Health Care sector from a causal layered perspective|https://www.researchgate.net/profile/Julius_Gomes/publication/283487342_Futures_Business_Models_for_an_IoT_enabled_Health_Care_sector_from_a_causal_layered_perspective/links/563a068508aeed0531dc87a7.pdf|https://www.researchgate.net/profile/Julius_Gomes/publication/283487342_Futures_Business_Models_for_an_IoT_enabled_Health_Care_sector_from_a_causal_layered_perspective/links/563a068508aeed0531dc87a7.pdf|
CdvliOxgsCUJ|BLE_Security|BLE Security|http://web.eecs.umich.edu/~prabal/teaching/eecs582/slides/ble-sec-iot-6up.pdf||
nai4EF1tbyEJ|Increasing_the_Trustworthiness_of_Embedded_Applications|Increasing the Trustworthiness of Embedded Applications|https://link.springer.com/content/pdf/10.1007/978-3-319-22846-4.pdf#page=324||
ZeS1j6SX9ysJ|Constructing_a_secure_hacking_resistant_IoT_U_healthcare_environment|Constructing a secure hacking-resistant IoT U-healthcare environment|https://link.springer.com/article/10.1007/s11416-017-0313-7||
1H0MH8YTFRsJ|Advance_Modeling_of_Agriculture_Farming_Techniques_Using_Internet_of_Things|Advance Modeling of Agriculture Farming Techniques Using Internet of Things|http://paper.ijcsns.org/07_book/201712/20171216.pdf|http://paper.ijcsns.org/07_book/201712/20171216.pdf|
2LPwm3xqlzQJ|Special_Issue_on_Security_and_Privacy_of_IoT|Special Issue on Security and Privacy of IoT|https://link.springer.com/article/10.1007/s11280-017-0490-9|https://link.springer.com/article/10.1007/s11280-017-0490-9|
TMC8KdcWyFQJ|Striking_a_balance_between_usability_and_cyber_security_in_IoT_devices|Striking a balance between usability and cyber-security in IoT devices|http://web.mit.edu/smadnick/www/wp/2017-12.pdf|http://web.mit.edu/smadnick/www/wp/2017-12.pdf|
PfKOp5R_QTwJ|IoT_based_Remote_Patient_Health_Monitoring_System|IoT based Remote Patient Health Monitoring System|http://krex.k-state.edu/dspace/handle/2097/38268|http://krex.k-state.edu/dspace/bitstream/handle/2097/38268/NarasimhaRaoJastiMadhu2017.pdf?sequence=3|
OiUqLB7T1ZkJ|HSC_IoT_A_Hardware_and_Software_Co_Verification_based_Authentication_Scheme_for_Internet_of_Things|HSC-IoT: A Hardware and Software Co-Verification based Authentication Scheme for Internet of Things|http://ieeexplore.ieee.org/abstract/document/7944880/|https://www.researchgate.net/profile/Mahmud_Hossain7/publication/312591628_HSC-IoT_A_Hardware_and_Software_Co-Verification_Based_Authentication_Scheme_for_Internet_of_Things/links/59e5818aa6fdcc1b1d8d37c0/HSC-IoT-A-Hardware-and-Software-Co-Verification-Based-Authentication-Scheme-for-Internet-of-Things.pdf|
hiBkLMJK_nIJ|Cross_Layer_Energy_Optimization_for_IoT_Environments_Technical_Advances_and_Opportunities|Cross-Layer Energy Optimization for IoT Environments: Technical Advances and Opportunities|http://www.mdpi.com/1996-1073/10/12/2073|http://www.mdpi.com/1996-1073/10/12/2073/htm|
szCIrh9YAUMJ|IoT_and_CPS_applications_based_on_wearable_devices_A_case_study_monitoring_of_elderly_and_infirm_patients|IoT and CPS applications based on wearable devices. A case study: monitoring of elderly and infirm patients|http://ieeexplore.ieee.org/iel7/8046163/8052672/08052698.pdf||
josktfhE3scJ|Smart_Health_Potential_and_Pathways_A_Survey|Smart Health–Potential and Pathways: A Survey|http://iopscience.iop.org/article/10.1088/1757-899X/225/1/012065/meta|http://iopscience.iop.org/article/10.1088/1757-899X/225/1/012065/pdf|
6MnHQHzDY5sJ|IMS2017_5G_Summit_Demo_Forum_and_Executive_Forum|IMS2017 5G Summit, Demo Forum, and Executive Forum|http://ieeexplore.ieee.org/abstract/document/7892988/|http://ieeexplore.ieee.org/iel7/6668/7892900/07892988.pdf|
uvaav9Io9CYJ|Cloud_centric_IoT_based_disease_diagnosis_healthcare_framework|Cloud-centric IoT based disease diagnosis healthcare framework|https://www.sciencedirect.com/science/article/pii/S0743731517303301||
5XYmwXmQUQEJ|IoT_Components_LifeCycle_Based_Security_Analysis|IoT Components LifeCycle Based Security Analysis|http://ieeexplore.ieee.org/abstract/document/8049800/||
nNcswscld_4J|Physiologically_Aware_Communication_Architecture_for_Transmission_of_Biomedical_Signals_in_BASNs_for_Emerging_IoT_Applications|Physiologically-Aware Communication Architecture for Transmission of Biomedical Signals in BASNs for Emerging IoT Applications|http://digitalcommons.unl.edu/cgi/viewcontent.cgi?article=1089&context=elecengtheses|http://digitalcommons.unl.edu/cgi/viewcontent.cgi?article=1089&context=elecengtheses|
qfBOSA8A9wcJ|How_5G_and_concomitant_technologies_will_revolutionize_healthcare|How 5G (and concomitant technologies) will revolutionize healthcare|https://arxiv.org/abs/1708.08746|https://arxiv.org/pdf/1708.08746|
kGluxd6MOUYJ|Implementing_private_k_means_clustering_using_a_LWE_based_cryptosystem|Implementing private k-means clustering using a LWE-based cryptosystem|http://ieeexplore.ieee.org/abstract/document/8024510/|https://pdfs.semanticscholar.org/e447/c73cfb021d775f86a9dd345b76a489d27b08.pdf|
lbpRTmhJEIoJ|ANALYSIS_AND_DESIGN_OF_MACHINE_TYPE_COMMUNICATION_NETWORKS_USING_STOCHASTIC_GEOMETRY|ANALYSIS AND DESIGN OF MACHINE-TYPE COMMUNICATION NETWORKS USING STOCHASTIC GEOMETRY|https://scholarbank.nus.edu.sg/handle/10635/138209|https://scholarbank.nus.edu.sg/bitstream/10635/138209/1/TefekU.pdf|
wX2MVTEZQ3AJ|Boot_IoT_A_Privacy_Aware_Authentication_Scheme_for_Secure_Bootstrapping_of_IoT_Nodes|Boot-IoT: A Privacy-Aware Authentication Scheme for Secure Bootstrapping of IoT Nodes|https://www.researchgate.net/profile/Mahmud_Hossain7/publication/317179832_Boot-IoT_A_Privacy-Aware_Authentication_Scheme_for_Secure_Bootstrapping_of_IoT_Nodes/links/59e580dd458515250247019b/Boot-IoT-A-Privacy-Aware-Authentication-Scheme-for-Secure-Bootstrapping-of-IoT-Nodes.pdf|https://www.researchgate.net/profile/Mahmud_Hossain7/publication/317179832_Boot-IoT_A_Privacy-Aware_Authentication_Scheme_for_Secure_Bootstrapping_of_IoT_Nodes/links/59e580dd458515250247019b/Boot-IoT-A-Privacy-Aware-Authentication-Scheme-for-Secure-Bootstrapping-of-IoT-Nodes.pdf|
-CvD2mWq6OoJ|Evaluating_Energy_Profiles_as_Resource_of_Context_and_as_Added_Value_in_Integrated_and_Pervasive_Socio_Medical_Technologies_using_LinkSmart_Middleware|Evaluating Energy Profiles as Resource of Context and as Added Value in Integrated and Pervasive Socio-Medical Technologies using LinkSmart Middleware|https://link.springer.com/chapter/10.1007/978-3-642-37893-5_48||
hKXR5__ev8cJ|The_first_IEEE_international_workshop_on_security_privacy_and_trust_for_IoT_2016_Program|The first IEEE international workshop on security, privacy and trust for IoT, 2016-Program|http://ieeexplore.ieee.org/abstract/document/7457046/||
KqcTn3GEpJUJ|IoT_Design_Challenges_and_the_Social_IoT_Solution|IoT Design Challenges and the Social IoT Solution|http://aisel.aisnet.org/amcis2017/AdvancesIS/Presentations/17/||
OcZNn1ogB_kJ|A_state_of_the_art_survey_Impact_of_cyber_attacks_on_SME_s|A state of the art survey-Impact of cyber attacks on SME's|https://dl.acm.org/citation.cfm?id=3109812|https://www.researchgate.net/profile/Mohammad_Hammoudeh/publication/320028711_A_state_of_the_art_survey_-_Impact_of_cyber_attacks_on_SME%27s/links/59d383eca6fdcc181ad938e8/A-state-of-the-art-survey-Impact-of-cyber-attacks-on-SMEs.pdf|
T_ein1U7CuUJ|An_Architectural_Mechanism_for_Resilient_IoT_Services|An Architectural Mechanism for Resilient IoT Services|https://chess.eecs.berkeley.edu/pubs/1197/KimEtAl_SafeThings2017.pdf|https://chess.eecs.berkeley.edu/pubs/1197/KimEtAl_SafeThings2017.pdf|
iX3rti1Qcn0J|Towards_an_improvement_of_Wireless_Connectivity_for_the_Internet_of_Things_Devices|Towards an improvement of Wireless Connectivity for the Internet of Things Devices|https://dl.acm.org/citation.cfm?id=2677949||
x2qFtwFbYnkJ|Healthcare_Information_System_Architecture_Based_on_Internet_of_Things_Big_Data_and_Agent_Technologies|Healthcare Information System Architecture Based on Internet of Things, Big Data and Agent Technologies|http://www.ijeit.com/Vol%206/Issue%205/IJEIT1412201611_10.pdf|http://www.ijeit.com/Vol%206/Issue%205/IJEIT1412201611_10.pdf|
gC3gu90UwP0J|A_Trusted_Ubiquitous_Healthcare_Monitoring_System_for_Hospital_Environment|A Trusted Ubiquitous Healthcare Monitoring System for Hospital Environment|https://www.igi-global.com/article/a-trusted-ubiquitous-healthcare-monitoring-system-for-hospital-environment/183628||
4Es3vTT6b2sJ|Maintaining_IP_Connectivity_for_Seamless_Remote_Health_Monitoring_System|Maintaining IP Connectivity for Seamless Remote Health Monitoring System|http://onlinepresent.org/proceedings/vol116_2015/18.pdf|http://onlinepresent.org/proceedings/vol116_2015/18.pdf|
U5euvwYh_nYJ|Big_Data_Driven_Healthcare_Project_Financing|Big Data-Driven Healthcare Project Financing|https://papers.ssrn.com/sol3/papers.cfm?abstract_id=2925790|https://www.researchgate.net/profile/Roberto_Moro_Visconti2/publication/314119764_Big_data-Driven_Healthcare_Project_Financing/links/58b6aefa45851591c5d3a44e/Big-data-Driven-Healthcare-Project-Financing.pdf|
u_cwyjApJS8J|Toward_Engineering_Oriented_Health_Informatics_Education|Toward Engineering-Oriented Health Informatics Education|https://peer.asee.org/27057.pdf|https://peer.asee.org/27057.pdf|
f6p-yvjVdgoJ|An_Ontological_Model_for_Privacy_in_Emerging_Decentralized_Healthcare_Systems|An Ontological Model for Privacy in Emerging Decentralized Healthcare Systems|http://ieeexplore.ieee.org/abstract/document/7940226/||
KqcTn3GEpJUJ|IoT_Design_Challenges_and_the_Social_IoT_Solution|IoT Design Challenges and the Social IoT Solution|http://aisel.aisnet.org/amcis2017/AdvancesIS/Presentations/17/||
OcZNn1ogB_kJ|A_state_of_the_art_survey_Impact_of_cyber_attacks_on_SME_s|A state of the art survey-Impact of cyber attacks on SME's|https://dl.acm.org/citation.cfm?id=3109812|https://www.researchgate.net/profile/Mohammad_Hammoudeh/publication/320028711_A_state_of_the_art_survey_-_Impact_of_cyber_attacks_on_SME%27s/links/59d383eca6fdcc181ad938e8/A-state-of-the-art-survey-Impact-of-cyber-attacks-on-SMEs.pdf|
T_ein1U7CuUJ|An_Architectural_Mechanism_for_Resilient_IoT_Services|An Architectural Mechanism for Resilient IoT Services|https://chess.eecs.berkeley.edu/pubs/1197/KimEtAl_SafeThings2017.pdf|https://chess.eecs.berkeley.edu/pubs/1197/KimEtAl_SafeThings2017.pdf|
iX3rti1Qcn0J|Towards_an_improvement_of_Wireless_Connectivity_for_the_Internet_of_Things_Devices|Towards an improvement of Wireless Connectivity for the Internet of Things Devices|https://dl.acm.org/citation.cfm?id=2677949||
x2qFtwFbYnkJ|Healthcare_Information_System_Architecture_Based_on_Internet_of_Things_Big_Data_and_Agent_Technologies|Healthcare Information System Architecture Based on Internet of Things, Big Data and Agent Technologies|http://www.ijeit.com/Vol%206/Issue%205/IJEIT1412201611_10.pdf|http://www.ijeit.com/Vol%206/Issue%205/IJEIT1412201611_10.pdf|
gC3gu90UwP0J|A_Trusted_Ubiquitous_Healthcare_Monitoring_System_for_Hospital_Environment|A Trusted Ubiquitous Healthcare Monitoring System for Hospital Environment|https://www.igi-global.com/article/a-trusted-ubiquitous-healthcare-monitoring-system-for-hospital-environment/183628||
4Es3vTT6b2sJ|Maintaining_IP_Connectivity_for_Seamless_Remote_Health_Monitoring_System|Maintaining IP Connectivity for Seamless Remote Health Monitoring System|http://onlinepresent.org/proceedings/vol116_2015/18.pdf|http://onlinepresent.org/proceedings/vol116_2015/18.pdf|
U5euvwYh_nYJ|Big_Data_Driven_Healthcare_Project_Financing|Big Data-Driven Healthcare Project Financing|https://papers.ssrn.com/sol3/papers.cfm?abstract_id=2925790|https://www.researchgate.net/profile/Roberto_Moro_Visconti2/publication/314119764_Big_data-Driven_Healthcare_Project_Financing/links/58b6aefa45851591c5d3a44e/Big-data-Driven-Healthcare-Project-Financing.pdf|
u_cwyjApJS8J|Toward_Engineering_Oriented_Health_Informatics_Education|Toward Engineering-Oriented Health Informatics Education|https://peer.asee.org/27057.pdf|https://peer.asee.org/27057.pdf|
f6p-yvjVdgoJ|An_Ontological_Model_for_Privacy_in_Emerging_Decentralized_Healthcare_Systems|An Ontological Model for Privacy in Emerging Decentralized Healthcare Systems|http://ieeexplore.ieee.org/abstract/document/7940226/||
4yRhy94b2O0J|Special_Session_1_High_Level_Modeling_and_Verification_of_Automotive_Transportation_Systems|Special Session 1: High-Level Modeling and Verification of Automotive/Transportation Systems|http://ieeexplore.ieee.org/abstract/document/7748244/||
nD5-4Pa304QJ|What_Is_the_Internet_of_Things|What Is the Internet of Things?|https://link.springer.com/chapter/10.1007/978-1-4842-2108-2_1|https://www.wsgr.com/publications/PDFSearch/iot-1015.pdf|
FKhe8fgIECcJ|An_energy_efficient_architecture_for_internet_of_things_systems|An energy-efficient architecture for internet of things systems|https://www.spiedigitallibrary.org/conference-proceedings-of-spie/9837/98370S/An-energy-efficient-architecture-for-internet-of-things-systems/10.1117/12.2228861.short||
qqwH9qMBe14J|SSRN_WP_2836282|SSRN WP 2836282|http://www.odbms.org/wp-content/uploads/2017/06/Islets-171.pdf|http://www.odbms.org/wp-content/uploads/2017/06/Islets-171.pdf|
LOtkrOWCZGsJ|An_efficient_network_coding_based_fault_tolerant_mechanism_in_WBAN_for_smart_healthcare_monitoring_systems|An efficient network coding-based fault-tolerant mechanism in WBAN for smart healthcare monitoring systems|http://www.mdpi.com/2076-3417/7/8/817htm|http://www.mdpi.com/2076-3417/7/8/817htm|
EOdZE89m2KAJ|MATHEMATICAL_SYSTEM_MODEL_FOR_ACOUSTICS_BASED_TELEMATIC_MICRO_SERVICES_IN_IOT_FOR_TRANSPORTATION_SETTING|MATHEMATICAL SYSTEM MODEL FOR ACOUSTICS BASED TELEMATIC MICRO SERVICES IN IOT FOR TRANSPORTATION SETTING|http://www.kones.eu/ep/2017/vol24/no3/111-118_J_O_KONES_2017_NO_3_VOL._24_ISSN_1231-4005_Kannan.pdf|http://www.kones.eu/ep/2017/vol24/no3/111-118_J_O_KONES_2017_NO_3_VOL._24_ISSN_1231-4005_Kannan.pdf|
R0PZYmxp0PcJ|MIT_Forum_for_Supply_Chain_Innovation_Research_and_Teaching_Output_of_the_MIT_Community|MIT Forum for Supply Chain Innovation Research and Teaching Output of the MIT Community|https://dspace.mit.edu/handle/1721.1/41894||
rCxQfUo0DFsJ|Research_and_Teaching_Output_of_the_MIT_Community|Research and Teaching Output of the MIT Community|https://dspace.mit.edu/handle/1721.1/41896||
rGsCgT7vVjkJ|4_You_Deserve_Better_Properties_From_Your_Smart_Devices|4 You Deserve Better Properties (From Your Smart Devices)|https://books.google.com/books?hl=en&lr=&id=TDdZDgAAQBAJ&oi=fnd&pg=PA86&dq=%22Medical+IoT%22&ots=d44C_E3lG_&sig=2hNFdwYQwXHThniBm8MlGVAEt20||
tc1XoMJvTfsJ|Healthcare|Healthcare|https://arxiv.org/abs/1703.04524|https://arxiv.org/pdf/1703.04524|
oEFpfXVFWcYJ|The_Impact_of_the_Internet_of_Things_IoT_on_the_IT_Security_Infrastructure_of_Traditional_Colleges_and_Universities_in_the_State_of_Utah|The Impact of the Internet of Things (IoT) on the IT Security Infrastructure of Traditional Colleges and Universities in the State of Utah|http://search.proquest.com/openview/5842b076f060413b56bfbe09a7dece5b/1?pq-origsite=gscholar&cbl=18750&diss=y||
r01hhI-9gdkJ|Portable_multipurpose_bio_signal_acquisition_and_wireless_streaming_device_for_wearables|Portable multipurpose bio-signal acquisition and wireless streaming device for wearables|http://ieeexplore.ieee.org/abstract/document/7894053/|https://www.researchgate.net/profile/Amir_M_Rahmani2/publication/312813526_Portable_Multipurpose_Bio-signal_Acquisition_and_Wireless_Streaming_Device_for_Wearables/links/59d5c870a6fdcc87469821fe/Portable-Multipurpose-Bio-signal-Acquisition-and-Wireless-Streaming-Device-for-Wearables.pdf|
YrMy8px5ZqIJ|Light_weight_Secure_Data_Transfer_in_Remote_Healthcare_System|Light-weight Secure Data Transfer in Remote Healthcare System|https://www.ripublication.com/ijaer16/ijaerv11n2_64.pdf|https://www.ripublication.com/ijaer16/ijaerv11n2_64.pdf|
E6IuEsEtzTsJ|CNN_Architecture_for_Robotic_Arm_Control_in_a_3D_Virtual_Environment_by_Means_of_by_Means_of_EMG_Signals|CNN Architecture for Robotic Arm Control in a 3D Virtual Environment by Means of by Means of EMG Signals|http://www.m-hikari.com/ces/ces2017/ces25-28-2017/p/jimenezCES25-28-2017-4.pdf|http://www.m-hikari.com/ces/ces2017/ces25-28-2017/p/jimenezCES25-28-2017-4.pdf|
DsWhB8cSVmcJ|Data_Fusion_based_Physical_Layer_Protocols_for_Cognitive_Radio_Applications|Data Fusion based Physical Layer Protocols for Cognitive Radio Applications|http://ece.iisc.ernet.in/~cmurthy/Theses/Thesis_Venugopalakrishna_Jun2016.pdf|http://ece.iisc.ernet.in/~cmurthy/Theses/Thesis_Venugopalakrishna_Jun2016.pdf|
J7r0WS9_xPIJ|An_Access_Control_Framework_for_Cloud_Enabled_Wearable_Internet_of_Things|An Access Control Framework for Cloud-Enabled Wearable Internet of Things|https://pdfs.semanticscholar.org/eb61/b919aa998d08e913e02a56714225f06b7f3b.pdf|https://pdfs.semanticscholar.org/eb61/b919aa998d08e913e02a56714225f06b7f3b.pdf|
4Vm-5RYysZQJ|An_Internet_of_Things_based_health_prescription_assistant_and_its_security_system_design|An Internet of Things-based health prescription assistant and its security system design|https://www.sciencedirect.com/science/article/pii/S0167739X17314085||
GN9aLpYEaTAJ|Remote_health_information_system_of_soldiers_using_lab_view|Remote health information system of soldiers using lab view|http://go.galegroup.com/ps/i.do?id=GALE%7CA465904445&sid=googleScholar&v=2.1&it=r&linkaccess=fulltext&issn=19950772&p=AONE&sw=w||
X_BMQJeh1zAJ|Futures_business_models_of_an_Internet_of_Things_IoT_enabled_Healthcare_sector|Futures business models of an Internet of Things (IoT) enabled Healthcare sector|http://jultika.oulu.fi/files/nbnfioulu-201512032222.pdf|http://jultika.oulu.fi/files/nbnfioulu-201512032222.pdf|
j5sbx1uaWDcJ|Privacy_preserving_Blockchain_based_IoT_Ecosystem_using_Attribute_based_Encryption|Privacy-preserving Blockchain based IoT Ecosystem using Attribute-based Encryption|https://www.researchgate.net/profile/Yogachandran_Rahulamathavn_BScHons_PhD/publication/320490538_Privacy-preserving_Blockchain_based_IoT_Ecosystem_using_Attribute-based_Encryption/links/59e8763e458515c36310b765/Privacy-preserving-Blockchain-based-IoT-Ecosystem-using-Attribute-based-Encryption.pdf|https://www.researchgate.net/profile/Yogachandran_Rahulamathavn_BScHons_PhD/publication/320490538_Privacy-preserving_Blockchain_based_IoT_Ecosystem_using_Attribute-based_Encryption/links/59e8763e458515c36310b765/Privacy-preserving-Blockchain-based-IoT-Ecosystem-using-Attribute-based-Encryption.pdf|
M0wR6VoNf_UJ|Noncontact_Sleep_Study_by_Multi_Modal_Sensor_Fusion|Noncontact Sleep Study by Multi-Modal Sensor Fusion|http://www.mdpi.com/1424-8220/17/7/1685|http://www.mdpi.com/1424-8220/17/7/1685/htm|
LhkDDUJcxB4J|The_Internet_of_Things_for_basic_nursing_care_A_scoping_review|The Internet of Things for basic nursing care—A scoping review|https://www.journalofnursingstudies.com/article/S0020-7489(17)30022-6/fulltext||
a1lsqK2NI-oJ|How_5G_Wireless_and_Concomitant_Technologies_Will_Revolutionize_Healthcare|How 5G Wireless (and Concomitant Technologies) Will Revolutionize Healthcare?|http://www.mdpi.com/1999-5903/9/4/93|http://www.mdpi.com/1999-5903/9/4/93/htm|
LwGvEsXxWewJ|LTE_MOBILITY_SECURITY_AND_VIRTUALIZATION_PART_I|LTE MOBILITY SECURITY AND VIRTUALIZATION (PART I)|http://rogerpiquerasjover.net/LTE_security_tutorial_ICC_May_2016.pdf|http://rogerpiquerasjover.net/LTE_security_tutorial_ICC_May_2016.pdf|
TQYhCFHBBngJ|Fog_cloud_based_cyber_physical_system_for_distinguishing_detecting_and_preventing_mosquito_borne_diseases|Fog-cloud based cyber-physical system for distinguishing, detecting and preventing mosquito borne diseases|https://www.sciencedirect.com/science/article/pii/S0167739X17315868||
t6T8ZGWAjxQJ|The_design_of_home_monitoring_system_by_remote_mobile_medical|The design of home monitoring system by remote mobile medical|http://ieeexplore.ieee.org/abstract/document/7429146/||
I95fZrHszkQJ|Introducing_autonomy_in_internet_of_things|Introducing autonomy in internet of things|https://pdfs.semanticscholar.org/e20d/0c40a9ed988b77eb9c65a07854ae132d6e03.pdf|https://pdfs.semanticscholar.org/e20d/0c40a9ed988b77eb9c65a07854ae132d6e03.pdf|
pc1t_7g5RrAJ|Towards_an_analysis_of_security_issues_challenges_and_open_problems_in_the_internet_of_things|Towards an analysis of security issues, challenges, and open problems in the internet of things|http://ieeexplore.ieee.org/abstract/document/7196499/|https://www.researchgate.net/profile/Ragib_Hasan/publication/279801184_Towards_an_Analysis_of_Security_Issues_Challenges_and_Open_Problems_in_the_Internet_of_Things/links/559afa7d08ae793d13822053.pdf|
xE56oSlhkccJ|Smart_textiles_for_smart_home_control_and_enriching_future_wireless_sensor_network_data|Smart textiles for smart home control and enriching future wireless sensor network data|https://link.springer.com/chapter/10.1007/978-3-319-47319-2_9|https://eprints.soton.ac.uk/402331/1/978-3-319-47319-2_9|
JEea7UYYpoQJ|The_Coming_Revolution_of_American_Manufacturing|The Coming Revolution of American Manufacturing|https://www.manhattan-institute.org/sites/default/files/R-MM-1216.pdf|https://www.manhattan-institute.org/sites/default/files/R-MM-1216.pdf|
LYkZVtySgu0J|Green_IoT_An_Investigation_on_Energy_Saving_Practices_for_2020_and_Beyond|Green IoT: An Investigation on Energy Saving Practices for 2020 and Beyond|http://ieeexplore.ieee.org/abstract/document/7997698/|http://ieeexplore.ieee.org/iel7/6287639/7859429/07997698.pdf|
FOi_SfTHu_0J|CTECHNICA|CTECHNICA|https://pdfs.semanticscholar.org/b794/73a6b2a17b4d1a5d136c48654cb197a8a6d1.pdf|https://pdfs.semanticscholar.org/b794/73a6b2a17b4d1a5d136c48654cb197a8a6d1.pdf|
eXVfTRu7J7AJ|Internet_of_Things_based_e_health_systems_ideas_expectations_and_concerns|Internet of Things based e-health systems: ideas, expectations and concerns|https://link.springer.com/chapter/10.1007/978-3-319-58280-1_10||
IyezX6488YgJ|A_Case_for_IoT_Security_Assurance|A Case for IoT Security Assurance|https://link.springer.com/chapter/10.1007/978-981-10-5861-5_8||
XpH9v8kEIQsJ|The_Design_of_Home_Monitoring_System_by_Remote_Mobile_Medical|The Design of Home Monitoring System by Remote Mobile Medical|http://ir.sia.cn/handle/173321/17400|http://ir.sia.cn/bitstream/173321/17400/1/The%20Design%20of%20Home%20Monitoring%20System%20by%20Remote%20Mobile%20Medical.pdf|
LFSpJTbUTW8J|Self_organizing_visualization_and_pattern_matching_of_vectorcardiographic_QRS_waveforms|Self-organizing visualization and pattern matching of vectorcardiographic QRS waveforms|https://www.sciencedirect.com/science/article/pii/S0010482516302463|https://par.nsf.gov/servlets/purl/10036267|
ltMMu922_QAJ|Secure_data_aggregation_scheme_based_on_key_vector_sharing_in_wireless_sensor_network|Secure data aggregation scheme based on key vector sharing in wireless sensor network|http://digital-library.theiet.org/content/conferences/10.1049/cp.2014.0624||
J_cPByXNuMkJ|Artificial_Intelligence_in_XPRIZE_DeepQ_Tricorder|Artificial Intelligence in XPRIZE DeepQ Tricorder|https://dl.acm.org/citation.cfm?id=3132637|http://infolab.stanford.edu/~echang/AIinDeepQ.pdf|
G2IhamEgOSEJ|Secure_Data_Storage_and_Searching_for_Industrial_IoT_by_Integrating_Fog_Computing_and_Cloud_Computing|Secure Data Storage and Searching for Industrial IoT by Integrating Fog Computing and Cloud Computing|http://ieeexplore.ieee.org/abstract/document/8259028/||
_580w7HT728J|Internet_of_things_A_survey_on_enabling_technologies_protocols_and_applications|Internet of things: A survey on enabling technologies, protocols, and applications|http://ieeexplore.ieee.org/abstract/document/7123563/|http://yaramoozan.ir/download/Internet_of_Things.pdf|
3WuMLhyUnhEJ|Enabling_Medical_Device_Interoperability_for_the_Integrated_Clinical_Environment|Enabling Medical Device Interoperability for the Integrated Clinical Environment|http://www.dtic.mil/docs/citations/AD1036275|http://www.dtic.mil/dtic/tr/fulltext/u2/1036275.pdf|
QPITJWbx5fIJ|Care_And_Feeding_Of_Privacy_Policies_And_Keeping_The_Big_Data_Monster_At_Bay_Legal_Concerns_In_Healthcare_In_The_Age_Of_The_Internet_Of_Things|Care And Feeding Of Privacy Policies And Keeping The Big Data Monster At Bay: Legal Concerns In Healthcare In The Age Of The Internet Of Things|http://nsuworks.nova.edu/cgi/viewcontent.cgi?article=2019&context=nlr|http://nsuworks.nova.edu/cgi/viewcontent.cgi?article=2019&context=nlr|
L3NXxLQAsB0J|DNS_and_the_Internet_of_Things_Outlining_the_challenges_faced_by_DNS_in_the_Internet_of_Things|DNS and the Internet of Things: Outlining the challenges faced by DNS in the Internet of Things|http://www.diva-portal.org/smash/record.jsf?pid=diva2:1080720|http://www.diva-portal.org/smash/get/diva2:1080720/FULLTEXT01.pdf|
Gxc6ERKc5E0J|Internet_of_Things_Security_Issues|Internet of Things: Security Issues|http://www.ijesi.org/papers/Vol(6)11/Version-2/G0611024552.pdf|http://www.ijesi.org/papers/Vol(6)11/Version-2/G0611024552.pdf|
aHynxDtXdpEJ|An_argumentation_reasoning_approach_for_data_processing|An argumentation reasoning approach for data processing|https://www.sciencedirect.com/science/article/pii/S016636151730338X|https://www.sciencedirect.com/science/article/pii/S016636151730338X|
Rdq4czpCSBsJ|Securing_the_Internet_of_Things_A_Meta_Study_of_Challenges_Approaches_and_Open_Problems|Securing the Internet of Things: A Meta-Study of Challenges, Approaches, and Open Problems|http://ieeexplore.ieee.org/abstract/document/7979820/|https://fardapaper.ir/mohavaha/uploads/2017/09/Securing-the-Internet-of-Things.pdf|
RYoI-j3r7iUJ|Green_Computing_and_Internet_of_Things_ICGCIoT|Green Computing and Internet of Things (ICGCIoT)|http://ieeexplore.ieee.org/abstract/document/7380416/|http://ieeexplore.ieee.org/iel7/7370053/7380415/07380416.pdf|
4E0LgKLdzoYJ|A_fog_based_middleware_for_automated_compliance_with_OECD_privacy_principles_in_Internet_of_healthcare_things|A fog based middleware for automated compliance with OECD privacy principles in Internet of healthcare things|http://ieeexplore.ieee.org/abstract/document/7805329/|http://ieeexplore.ieee.org/iel7/6287639/7419931/07805329.pdf|
MU09Zc4Sa0wJ|Implementation_and_analysis_of_a_wireless_sensor_network_based_pet_location_monitoring_system_for_domestic_scenarios|Implementation and analysis of a wireless sensor network-based pet location monitoring system for domestic scenarios|http://www.mdpi.com/1424-8220/16/9/1384/htm|http://www.mdpi.com/1424-8220/16/9/1384/htm|
KK1XU_NnX90J|Internet_of_Things_for_personal_healthcare_Study_of_eHealth_sector_Smart_wearable_design|Internet of Things for personal healthcare.: Study of eHealth sector. Smart wearable design.|https://www.theseus.fi/handle/10024/119325|https://www.theseus.fi/bitstream/handle/10024/119325/thesis_Kirill_Lazarev.pdf?sequence=1&isAllowed=y|
UU1OfI7yT_EJ|Advanced_mobile_and_wearable_systems|Advanced mobile and wearable systems|https://www.sciencedirect.com/science/article/pii/S0141933117300741||
yPW3RVXlfG0J|A_energy_efficient_multi_dimension_model_for_system_control_in_smart_environment_systems|A energy efficient multi-dimension model for system control in smart environment systems|http://ieeexplore.ieee.org/abstract/document/7819297/||
KdzSX4LUtjsJ|An_architecture_for_verbal_summaries_in_smart_mobile_devices|An architecture for verbal summaries in smart mobile devices|http://ieeexplore.ieee.org/abstract/document/7396555/||
SRv87PScLIIJ|A_Lightweight_Attribute_Based_Access_Control_System_for_IoT|A Lightweight Attribute-Based Access Control System for IoT.|https://ecommons.usask.ca/handle/10388/7556|https://ecommons.usask.ca/xmlui/bitstream/handle/10388/7556/MONIR-THESIS-2016.pdf?sequence=1&isAllowed=y|
yLXcDvSCJ_8J|Implementation_and_analysis_of_ISM_2_4_GHz_wireless_sensor_network_systems_in_judo_training_venues|Implementation and analysis of ISM 2.4 GHz wireless sensor network systems in judo training venues|http://www.mdpi.com/1424-8220/16/8/1247/html|http://www.mdpi.com/1424-8220/16/8/1247/html|
IecoUWjMhVAJ|Autonomic_schemes_for_threat_mitigation_in_Internet_of_Things|Autonomic schemes for threat mitigation in Internet of Things|https://www.sciencedirect.com/science/article/pii/S1084804514002732||
bLCe02uE9eQJ|Context_aware_complex_event_processing_for_event_cloud_in_internet_of_things|Context-aware complex event processing for event cloud in internet of things|http://ieeexplore.ieee.org/abstract/document/6542861/||
Q5YHOfVatEYJ|Ofir_Ben_Assuli_Tomer_Geva|Ofir Ben-Assuli Tomer Geva|http://ilais.openu.ac.il/wp/wp-content/uploads/2015/07/ILAIS-2015-Proceedings.pdf|http://ilais.openu.ac.il/wp/wp-content/uploads/2015/07/ILAIS-2015-Proceedings.pdf|
JVQuDQdq6VoJ|基于磁感应成像的医学物联网传感节点关键算法研究与实现_英文|基于磁感应成像的医学物联网传感节点关键算法研究与实现 (英文)|http://www.cnki.com.cn/Article/CJFDTotal-ZGTO201204016.htm||
O_0iI4sge68J|개인_의료진단을_위한_웨어러블과_장착형_IoT_디바이스의_효과적_활용_기법|개인 의료진단을 위한 웨어러블과 장착형 IoT 디바이스의 효과적 활용 기법|http://dev02.dbpia.co.kr/2/76/87/2768774.pdf?article=3759441||
TBmudhfHIJ0J|IoT_디바이스를_이용한_건강_평가_플랫폼|IoT 디바이스를 이용한 건강 평가 플랫폼|http://kiise.or.kr/e_journal/2016/5/KTCP/pdf/04.pdf|http://kiise.or.kr/e_journal/2016/5/KTCP/pdf/04.pdf|
EzNhErsd-m4J|공동주택_헬스케어_서비스_등을_위한_천장_그리드_장착시스템_연구|공동주택 헬스케어 서비스 등을 위한 천장 그리드 장착시스템 연구|http://www.dbpia.co.kr/Journal/ArticleDetail/NODE07284257||
U1KlN1drBtAJ|Continuous_time_signal_processing_for_wake_up_radios|Continuous time signal processing for wake-up radios|https://tel.archives-ouvertes.fr/tel-01375171/|https://tel.archives-ouvertes.fr/tel-01375171/document|
mnRvZTjPgxoJ|The_new_world_of_data_Four_provocations_on_the_Internet_of_Things|The new world of data: Four provocations on the Internet of Things|https://firstmonday.org/ojs/index.php/fm/article/view/6936|https://firstmonday.org/ojs/index.php/fm/article/view/6936/5859|
OcsBhJ7CyRMJ|The_AWA_Artificial_emergent_aWareness_Architecture_model_for_Artificial_Immune_Ecosystems|The AWA Artificial emergent aWareness Architecture model for Artificial Immune Ecosystems|http://ieeexplore.ieee.org/abstract/document/7969340/|https://www.researchgate.net/profile/Pierre_Parrend2/publication/314260061_The_AWA_Artificial_emergent_aWareness_Architecture_model_for_Artificial_Immune_Ecosystems_Cedric_Pupka_Complex_System-Digital_Campus/links/58be7185aca272b9b17ee618/The-AWA-Artificial-emergent-aWareness-Architecture-model-for-Artificial-Immune-Ecosystems-Cedric-Pupka-Complex-System-Digital-Campus.pdf|
kQp2UYinQTUJ|Analytical_and_experimental_performance_evaluation_of_BLE_neighbor_discovery_process_including_non_idealities_of_real_chipsets|Analytical and experimental performance evaluation of BLE neighbor discovery process including non-idealities of real chipsets|http://www.mdpi.com/1424-8220/17/3/499htm|http://www.mdpi.com/1424-8220/17/3/499htm|
FDc3-X-JL4kJ|A_big_data_intelligence_analysis_expression_method_based_on_machine_learning|A big data intelligence analysis expression method based on machine learning|https://link.springer.com/article/10.1007/s10586-017-1578-9||
7YBPom7KXNAJ|Lyapunov_Optimization_기반_5_세대_밀리미터웨이브_기지국_설계|Lyapunov Optimization 기반 5 세대 밀리미터웨이브 기지국 설계|https://www.kics.or.kr/storage/paper/event/20160118_winter/publish/10E-26.pdf|https://www.kics.or.kr/storage/paper/event/20160118_winter/publish/10E-26.pdf|
nrPeymrmL4cJ|한국통신학회_2017_년도_동계종합학술발표회|한국통신학회 2017 년도 동계종합학술발표회|https://www.kics.or.kr/storage/paper/event/20160118_winter/publish/10E-25.pdf|https://www.kics.or.kr/storage/paper/event/20160118_winter/publish/10E-25.pdf|
jNUVmwuJSD8J|Literature_listing|Literature listing|https://www.sciencedirect.com/science/article/pii/S0172219017300583||
aQZ7F38mhfAJ|Distributed_and_reliable_decision_making_for_cloud_enabled_mobile_service_platforms|Distributed and reliable decision-making for cloud-enabled mobile service platforms|http://journals.sagepub.com/doi/abs/10.1177/1550147717726509|http://journals.sagepub.com/doi/full/10.1177/1550147717726509|
oeSjKk3asWcJ|Evaluation_of_a_Guided_Machine_Learning_Approach_for_Pharmacokinetic_Modeling|Evaluation of a Guided Machine Learning Approach for Pharmacokinetic Modeling|http://search.proquest.com/openview/af5b69494a0547c27820c7ebaed5177b/1?pq-origsite=gscholar&cbl=18750&diss=y||
N4cILBQmWRIJ|Analysis_of_the_FM_Radio_Spectrum_for_Secondary_Licensing_of_Low_Power_Short_Range_Cognitive_Internet_of_Things_Devices_via_Cognitive_Radio|Analysis of the FM Radio Spectrum for Secondary Licensing of Low-Power Short-Range Cognitive Internet-of-Things Devices via Cognitive Radio|http://search.proquest.com/openview/b3b5a04a0dc5f91efdf9409fb78380b9/1?pq-origsite=gscholar&cbl=18750&diss=y|https://repository.lib.fit.edu/bitstream/handle/11141/1111/OTERMAT-DISSERTATION.pdf?sequence=1|
t23SMEM-gmcJ|Privacy_enhanced_cloud_based_recommendation_service_for_implicit_discovery_of_relevant_support_groups_in_healthcare_social_networks|Privacy enhanced cloud-based recommendation service for implicit discovery of relevant support groups in healthcare social networks|https://www.igi-global.com/article/privacy-enhanced-cloud-based-recommendation-service-for-implicit-discovery-of-relevant-support-groups-in-healthcare-social-networks/181038||
bnfWEIDPd9cJ|Internet_of_Things_Collaborative_Research_Initiative_ICRI_at_MIT_Auto_ID_Labs|Internet of Things Collaborative Research Initiative (ICRI) at MIT Auto-ID Labs|https://dspace.mit.edu/handle/1721.1/106496|https://dspace.mit.edu/bitstream/handle/1721.1/106496/IoT%20is%20a%20Metaphor.pdf?sequence=73|
9cehVpJ5OZUJ|Stefano_Zanero|Stefano Zanero|http://home.deib.polimi.it/zanero/downloads/cv-zanero.pdf|http://home.deib.polimi.it/zanero/downloads/cv-zanero.pdf|
S4CQLlCjuiUJ|Analysis_and_study_of_data_security_in_the_Internet_of_Things_paradigm_from_a_Blockchain_technology_approach|Analysis and study of data security in the Internet of Things paradigm from a Blockchain technology approach|http://openaccess.uoc.edu/webapps/o2/handle/10609/72949|http://openaccess.uoc.edu/webapps/o2/bitstream/10609/72949/1/d_rull_TFM0118mem%C3%B2ria.pdf|
pnGNJ2j-jP8J|Privacy_protection_for_e_health_systems_by_means_of_dynamic_authentication_and_three_factor_key_agreement|Privacy protection for e-health systems by means of dynamic authentication and three-factor key agreement|http://ieeexplore.ieee.org/abstract/document/8010287/||
0r9J86OEKBAJ|BOOK_B_Wearable_android_android_wear_and_google_fit_app_development|[BOOK][B] Wearable android: android wear and google fit app development|https://books.google.com/books?hl=en&lr=&id=esqiCgAAQBAJ&oi=fnd&pg=PA15&dq=%22Medical+IoT%22&ots=UIY0twikyS&sig=oZ4VXqXb9eD_QVTnzb0ftbbN6DU||
ZfNV0pF5lY4J|MicroPython_for_the_Internet_of_Things|MicroPython for the Internet of Things|https://link.springer.com/content/pdf/10.1007/978-1-4842-3123-4.pdf||
Mj9mrbx92T8J|Digital_Transformation|Digital Transformation|https://dspace.mit.edu/handle/1721.1/111021|https://dspace.mit.edu/bitstream/handle/1721.1/111021/IoT%20is%20a%20Metaphor.pdf?sequence=31|
oI4tJ_5m7iQJ|BOOK_B_Windows_10_for_the_Internet_of_Things|[BOOK][B] Windows 10 for the Internet of Things|https://link.springer.com/content/pdf/10.1007/978-1-4842-2108-2.pdf||
U2LgKLxVIxAJ|Preclude_Conflict_detection_in_textual_health_advice|Preclude: Conflict detection in textual health advice|http://ieeexplore.ieee.org/abstract/document/7917875/|https://pdfs.semanticscholar.org/2c64/28f3bca7ca6223365c607fe91b54a912b8ca.pdf|
C9Eig6NAfGQJ|Dynamical_updating_fuzzy_rough_approximations_for_hybrid_data_under_the_variation_of_attribute_values|Dynamical updating fuzzy rough approximations for hybrid data under the variation of attribute values|https://www.sciencedirect.com/science/article/pii/S0020025516305308||
r-ZhrJhQ9PEJ|Distributed_Ledgers|Distributed Ledgers|https://pdfs.semanticscholar.org/3993/bfbb57666427edf7ec8bd0929eeddd9aa311.pdf|https://pdfs.semanticscholar.org/3993/bfbb57666427edf7ec8bd0929eeddd9aa311.pdf|
tnumkeAu6-IJ|Buffer_stable_adaptive_per_module_power_allocation_for_energy_efficient_millimeter_wave_modular_antenna_array_MAA_platforms|Buffer-stable adaptive per-module power allocation for energy-efficient millimeter-wave modular antenna array (MAA) platforms|http://ieeexplore.ieee.org/abstract/document/7562189/||
F6r_RiCp-lYJ|BOOK_B_An_introduction_to_internet_governance|[BOOK][B] An introduction to internet governance|https://books.google.com/books?hl=en&lr=&id=UgAtDwAAQBAJ&oi=fnd&pg=PA1&dq=%22Medical+IoT%22&ots=eED7l21aBi&sig=Mex1RTxu5GuujZfit8gbt40bSSg|http://stoa.usp.br/pedrocampos/files/813/4601/internet_gov.pdf|
-xuKpwhlEFQJ|Strategic_control_of_60_GHz_millimeter_wave_high_speed_wireless_links_for_distributed_virtual_reality_platforms|Strategic control of 60 GHz millimeter-wave high-speed wireless links for distributed virtual reality platforms|https://www.hindawi.com/journals/misy/2017/5040347/abs/|http://downloads.hindawi.com/journals/misy/2017/5040347.pdf|
vH5B0q41sfMJ|OPENEPC_INTEGRATION_WITHIN_5GTN_AS_AN_NFV_PROOF_OF_CONCEPT|OPENEPC INTEGRATION WITHIN 5GTN AS AN NFV PROOF OF CONCEPT|http://jultika.oulu.fi/files/nbnfioulu-201706082638.pdf|http://jultika.oulu.fi/files/nbnfioulu-201706082638.pdf|
ocaEcXU3plYJ|Integracao_e_supervisao_de_multiplas_redes_de_automacao|Integração e supervisão de múltiplas redes de automação|http://repositorio.ipl.pt/handle/10400.21/7039|http://repositorio.ipl.pt/bitstream/10400.21/7039/1/Disserta%C3%A7%C3%A3o.pdf|
