yVtVHoe_1boJ|Internet_of_Medical_Things|Internet-of-Medical-Things|https://dl.acm.org/citation.cfm?id=3066861||
ANWH-rK1HNgJ|The_potential_of_Internet_of_m_health_Things_m_IoT_for_non_invasive_glucose_level_sensing|The potential of Internet of m-health Things “m-IoT” for non-invasive glucose level sensing|http://ieeexplore.ieee.org/abstract/document/6091302/||
NzRKlL6_NzMJ|Internet_of_M_health_Things_m_IOT|Internet of M-health Things'm-IOT'|http://digital-library.theiet.org/content/conferences/10.1049/ic.2011.0036||
4E0LgKLdzoYJ|A_fog_based_middleware_for_automated_compliance_with_OECD_privacy_principles_in_Internet_of_healthcare_things|A fog based middleware for automated compliance with OECD privacy principles in Internet of healthcare things|http://ieeexplore.ieee.org/abstract/document/7805329/|http://ieeexplore.ieee.org/iel7/6287639/7419931/07805329.pdf|
wdwhid5JabwJ|Pervasive_Healthcare_via_The_Internet_of_Medical_Things|Pervasive Healthcare via “The Internet of Medical Things”|https://www.medetel.eu/download/2010/parallel_sessions/abstract/day1/Pervasive_Healthcare.doc||
cXhXzA154fkJ|Integrating_unified_communications_and_internet_of_m_health_things_with_micro_wireless_physiological_sensors|Integrating unified communications and internet of m-health things with micro wireless physiological sensors|http://www.airitilibrary.com/Publication/alDetailedMesh?docid=15606686-201409-201410130004-201410130004-319-328|http://www2.tku.edu.tw/~tkjse/17-3/12-IE10301_1126.pdf|
SpvMhEhACNgJ|An_inferential_real_time_falling_posture_reconstruction_for_Internet_of_healthcare_things|An inferential real-time falling posture reconstruction for Internet of healthcare things|https://www.sciencedirect.com/science/article/pii/S1084804517300760||
TUTwyGGnIXoJ|An_energy_harvested_ultra_low_power_transceiver_for_Internet_of_Medical_Things|An energy harvested ultra-low power transceiver for Internet of Medical Things|http://ieeexplore.ieee.org/abstract/document/7598260/||
K20CJlE1VcIJ|Internet_of_Medical_Things_for_cardiac_monitoring_Paving_the_way_to_5G_mobile_networks|Internet of Medical Things for cardiac monitoring: Paving the way to 5G mobile networks|http://ieeexplore.ieee.org/abstract/document/7907420/||
91mBbp5ECbcJ|An_implantable_low_power_ultrasonic_platform_for_the_Internet_of_Medical_Things|An implantable low-power ultrasonic platform for the Internet of Medical Things|http://ieeexplore.ieee.org/abstract/document/8057133/|https://pdfs.semanticscholar.org/97f7/4a30426d6f2b346617c342f45a46ff884fb1.pdf|
JK2NvTI6NuQJ|Home_Healthcare_and_Remote_Patient_Monitoring|Home Healthcare and Remote Patient Monitoring|http://onlinelibrary.wiley.com/doi/10.1002/9781119173601.ch41/summary||
Q5xnchIzOoQJ|IOMT_Cloud_Based_Solution_Offered_by_Health_Care_Center_s_A_special_reference_to_IOMT_s_in_Bangalore_City|IOMT: Cloud-Based Solution Offered by Health Care Center's (A special reference to IOMT's in Bangalore City)|http://imperialjournals.com/index.php/IJIR/article/view/3065|http://imperialjournals.com/index.php/IJIR/article/viewFile/3065/2926|
tmXLO9XAB0gJ|BIG_DATA_AND_THE_INTERNET_OF_MEDICAL_THINGS|BIG DATA AND THE INTERNET OF MEDICAL THINGS|https://www.researchgate.net/profile/James_Waterson/publication/271910895_BIG_DATA_AND_THE_INTERNET_OF_MEDICAL_THINGS_A_REVOLUTION_IN_COMMUNICATION_AND_INFORMATION/links/54d6e2020cf2464758120e43.pdf|https://www.researchgate.net/profile/James_Waterson/publication/271910895_BIG_DATA_AND_THE_INTERNET_OF_MEDICAL_THINGS_A_REVOLUTION_IN_COMMUNICATION_AND_INFORMATION/links/54d6e2020cf2464758120e43.pdf|
24PRU-qXmKwJ|CARDIAC_MONITORING_USING_INTERNET_OF_MEDICAL_THINGS|CARDIAC MONITORING USING INTERNET OF MEDICAL THINGS|http://data.conferenceworld.in/ICITTESE-17/P601-608.pdf|http://data.conferenceworld.in/ICITTESE-17/P601-608.pdf|
HeZwVbf451IJ|Integrated_acceptance_and_sustainability_evaluation_of_Internet_of_Medical_Things_A_dual_level_analysis|Integrated acceptance and sustainability evaluation of Internet of Medical Things: A dual-level analysis|http://www.emeraldinsight.com/doi/abs/10.1108/IntR-07-2016-0200||
RBosbGEX84AJ|A_Workload_Characterization_for_the_Internet_of_Medical_Things_IoMT|A Workload Characterization for the Internet of Medical Things (IoMT)|http://ieeexplore.ieee.org/abstract/document/7987536/|http://www2.engr.arizona.edu/~tosiron/papers/IoMT_ISVLSI17.pdf|
qkOyhwPlP5MJ|Internet_of_m_health_things_m_IoT_for_elderly_diabetes_management|Internet of m-health things m-IoT for elderly diabetes management|http://eprints.kingston.ac.uk/19223/||
WwTengn21dkJ|Internet_of_Medical_Things_IOMT_Applications_Benefits_and_Future_Challenges_in_Healthcare_Domain|Internet of Medical Things (IOMT): Applications, Benefits and Future Challenges in Healthcare Domain|http://www.jocm.us/uploadfile/2017/0428/20170428025024260.pdf|http://www.jocm.us/uploadfile/2017/0428/20170428025024260.pdf|
mN1qozcLAC4J|THE_INTERNET_OF_MEDICAL_THINGS|THE INTERNET OF MEDICAL THINGS|http://search.proquest.com/openview/1e574450a217405d3cb0e3f8585af7ed/1?pq-origsite=gscholar&cbl=38541||
q8HM0lfYsdwJ|Internet_of_Medical_Things_The_Next_PC_Personal_Care_Era|Internet of Medical Things: The Next PC (Personal Care) Era|https://link.springer.com/chapter/10.1007/978-3-319-33201-7_11||
64TE7kwSGywJ|Internet_of_Medical_Things_IoMT|Internet of Medical Things [IoMT]|http://www.ijarcsms.com/docs/paper/volume4/issue6/V4I6-0082.pdf|http://www.ijarcsms.com/docs/paper/volume4/issue6/V4I6-0082.pdf|
k8KLAkRrkd8J|Mobile_Agent_based_Intrusion_Detection_for_Smart_and_Connected_Medical_Devices|Mobile Agent based Intrusion Detection for Smart and Connected Medical Devices|https://digital.lib.washington.edu/researchworks/handle/1773/39858||
okPYX0W6MA0J|Security_Threat_Management_by_Software_Obfuscation_for_Privacy_in_Internet_of_Medical_Thing_IoMT_Application|Security Threat Management by Software Obfuscation for Privacy in Internet of Medical Thing (IoMT) Application|http://www.ingentaconnect.com/content/asp/jctn/2017/00000014/00000007/art00002||
4UoGRK-UZlgJ|Systems_computing_challenges_in_the_Internet_of_Things|Systems computing challenges in the Internet of Things|https://arxiv.org/abs/1604.02980|https://arxiv.org/pdf/1604.02980|
xqxi2v0sgckJ|Can_Blockchain_Improve_Healthcare_Management_Consumer_Medical_Electronics_and_the_IoMT|Can Blockchain Improve Healthcare Management? Consumer Medical Electronics and the IoMT|https://papers.ssrn.com/sol3/papers.cfm?abstract_id=3025393||
4FpnA3y_8-UJ|Managing_Heterogeneous_Medical_Data_Learning_from_Experiences_in_Telemedicine|Managing Heterogeneous Medical Data: Learning from Experiences in Telemedicine|https://link.springer.com/chapter/10.1007/978-981-10-4086-3_168||
dIYa1Em2FyYJ|My_smart_age_with_HIV_An_innovative_mobile_and_IoMT_framework_for_patient_s_empowerment|My smart age with HIV: An innovative mobile and IoMT framework for patient's empowerment|http://ieeexplore.ieee.org/abstract/document/8065914/|https://www.researchgate.net/profile/Andrea_Malagoli5/publication/320368626_My_smart_age_with_HIV_An_innovative_mobile_and_IoMT_framework_for_patient%27s_empowerment/links/59fb84df458515d070615da9/My-smart-age-with-HIV-An-innovative-mobile-and-IoMT-framework-for-patients-empowerment.pdf|
4kJR6Ix8zhQJ|The_internet_for_physicians|The internet for physicians|https://hrgllkeyl.updog.co/aHJnbGxrZXlsQjAwOFNMR0pUWQ.pdf||
3KnXLYNABysJ|Implementation_issues_of_internet_of_things_for_mHealth_applications_m_IoT|Implementation issues of internet of things for mHealth applications (m-IoT)|http://eprints.kingston.ac.uk/id/eprint/23702||
1Oyk6NuE5s8J|Keynote_Speaker|Keynote Speaker|http://ieeexplore.ieee.org/abstract/document/7907401/||
PBxKkTgMyvEJ|Trustworthiness_Management_Through_Social_Relationships_in_Internet_of_Medical_Things|Trustworthiness Management Through Social Relationships in Internet of Medical Things|https://jcis.sbrt.org.br/jcis/article/view/406|https://jcis.sbrt.org.br/jcis/article/download/406/307|
_9dSvI8Crx0J|INTERNET_OF_THINGS_AND_SUSTAINABLE_DEVELOPMENT_OF_HEALTH|INTERNET OF THINGS AND SUSTAINABLE DEVELOPMENT OF HEALTH|http://www.jfas.info/index.php/jfas/article/view/1910|http://www.jfas.info/index.php/jfas/article/download/1910/1026|
YZd-0UfptyUJ|Cloud_based_IoT_healthcare_applications_Requirements_and_recommendations|Cloud based IoT healthcare applications: Requirements and recommendations.|http://www.iaras.org/iaras/filedownloads/ijitws/2017/022-0009(2017).pdf|http://www.iaras.org/iaras/filedownloads/ijitws/2017/022-0009(2017).pdf|
XpgraWTULaMJ|Following_the_path_towards_intelligently_connected_devices_for_on_line_real_time_cardiac_arrhythmia_detection_and_classification|Following the path towards intelligently connected devices for on-line, real-time cardiac arrhythmia detection and classification|http://ieeexplore.ieee.org/abstract/document/7830636/||
W_76-TRIFcYJ|BOOK_B_The_patient_will_see_you_now_the_future_of_medicine_is_in_your_hands|[BOOK][B] The patient will see you now: the future of medicine is in your hands|https://www.synapse.koreamed.org/Synapse/Data/PDFData/1088HIR/hir-21-321.pdf|https://www.synapse.koreamed.org/Synapse/Data/PDFData/1088HIR/hir-21-321.pdf|
-nax7hOhBGwJ|Usable_Security_and_Privacy_preserving_approach_for_E_Health_domain_against_the_big_data_threat|Usable Security and Privacy preserving approach for E-Health domain against the big data threat|https://www.researchgate.net/profile/Matheesha_Fernando/publication/308310969_Usable_Security_and_Privacy_preserving_approach_for_E-_Health_domain_against_the_big_data_threat/links/57e03c1008aec6ce9f28e09f/Usable-Security-and-Privacy-preserving-approach-for-E-Health-domain-against-the-big-data-threat.pdf|https://www.researchgate.net/profile/Matheesha_Fernando/publication/308310969_Usable_Security_and_Privacy_preserving_approach_for_E-_Health_domain_against_the_big_data_threat/links/57e03c1008aec6ce9f28e09f/Usable-Security-and-Privacy-preserving-approach-for-E-Health-domain-against-the-big-data-threat.pdf|
0iADoTcv4g8J|Top_5_Trends|Top 5 Trends|https://www.researchgate.net/profile/Abhishek_Garg4/project/Molecular-Translational-and-Clinical-aspects-of-Cancer-and-Cell-Death-Immunology/attachment/57c7534f08ae2e154d377c9f/AS:401266443341825@1472680783842/download/Top5-trends-immuno-oncology.pdf?context=projectUpdateDetail|https://www.researchgate.net/profile/Abhishek_Garg4/project/Molecular-Translational-and-Clinical-aspects-of-Cancer-and-Cell-Death-Immunology/attachment/57c7534f08ae2e154d377c9f/AS:401266443341825@1472680783842/download/Top5-trends-immuno-oncology.pdf?context=projectUpdateDetail|
B18MSzfaWG0J|Med_e_Tel_2010_International_e_Health_Telemedicine_and_Health_ICT_Forum|Med-e-Tel 2010: International e-Health, Telemedicine, and Health ICT Forum|http://online.liebertpub.com/doi/pdf/10.1089/tmj.2010.9963|http://online.liebertpub.com/doi/pdf/10.1089/tmj.2010.9963|
Lsugjxff1mQJ|Welcome_to_11th_ISOCC_2014|Welcome to 11th ISOCC 2014|http://ieeexplore.ieee.org/abstract/document/7087693/|http://ieeexplore.ieee.org/iel7/7075853/7087542/07087693.pdf|
vi6aYiFMZ0YJ|Overcoming_Barriers_to_Adoption_of_Digital_Health_Tools_for_Diabetes|Overcoming Barriers to Adoption of Digital Health Tools for Diabetes|http://journals.sagepub.com/doi/full/10.1177/1932296817732459||
Vyo8zygL2lMJ|Trends_and_challenges_in_smart_healthcare_research_A_journey_from_data_to_wisdom|Trends and challenges in smart healthcare research: A journey from data to wisdom|http://ieeexplore.ieee.org/abstract/document/8065986/|https://www.researchgate.net/profile/Edgar_Batista/publication/320369123_Trends_and_challenges_in_smart_healthcare_research_A_journey_from_data_to_wisdom/links/59e5a47b0f7e9b0e1ab226ca/Trends-and-challenges-in-smart-healthcare-research-A-journey-from-data-to-wisdom.pdf|
NJCZLgVXFloJ|Wear_it_well_Wearable_healthcare|Wear it well [Wearable healthcare]|http://digital-library.theiet.org/content/journals/10.1049/et.2017.0100||
RNzNkVwr7DQJ|A_Context_Aware_Capability_Based_Role_Centric_Access_Control_Model_for_IoMT|A Context-Aware, Capability-Based, Role-Centric Access Control Model for IoMT|https://link.springer.com/chapter/10.1007/978-3-319-58877-3_16||
vpJp3Xt1gIkJ|Clinical_Feature_Classification_for_Chronic_Heart_Failure_and_Construction_of_a_Safe_Mechanism_for_Rehabilitation_using_Internet_of_Medical_Thing_Devices|Clinical Feature Classification for Chronic Heart Failure and Construction of a Safe Mechanism for Rehabilitation using Internet-of-Medical-Thing Devices|https://uni-obuda.hu/journal/Hsu_Lin_Pai_Wang_Liu_Cheng_Chen_Pan_Chen_72.pdf|https://uni-obuda.hu/journal/Hsu_Lin_Pai_Wang_Liu_Cheng_Chen_Pan_Chen_72.pdf|
0DTn_EQX2BgJ|Diabetes_and_technology_in_2030_a_utopian_or_dystopian_future|Diabetes and technology in 2030: a utopian or dystopian future?|http://onlinelibrary.wiley.com/doi/10.1111/dme.13586/full||
Pne6KeNnQIAJ|ЭВОЛЮЦИЯ_ИНТЕРНЕТТЕХНОЛОГИЙ_В_СИСТЕМЕ_ЗДРАВООХРАНЕНИЯ|ЭВОЛЮЦИЯ ИНТЕРНЕТТЕХНОЛОГИЙ В СИСТЕМЕ ЗДРАВООХРАНЕНИЯ|https://cyberleninka.ru/article/n/evolyutsiya-internettehnologiy-v-sisteme-zdravoohraneniya|https://cyberleninka.ru/article/n/evolyutsiya-internettehnologiy-v-sisteme-zdravoohraneniya|
SVO3iYeqNFcJ|Medizintechnik_ruestet_sich_fuer_den_Kampf_gegen_Cyberkriminelle|Medizintechnik rüstet sich für den Kampf gegen Cyberkriminelle|https://link.springer.com/article/10.1007/s15013-017-1208-x||
a2p5f0dBuj8J|Radiochemistry_PET_imaging_and_the_Internet_of_chemical_things|Radiochemistry, PET imaging, and the Internet of chemical things|http://pubs.acs.org/doi/abs/10.1021/acscentsci.6b00178|http://pubs.acs.org/doi/full/10.1021/acscentsci.6b00178|
V6tpeFF0AX4J|Automatic_Classification_of_Periodic_Heart_Sounds_Using_Convolutional_Neural_Network|Automatic Classification of Periodic Heart Sounds Using Convolutional Neural Network|http://www.waset.org/downloads/15/papers/18sg010271.pdf|http://www.waset.org/downloads/15/papers/18sg010271.pdf|
38n2x6C3-FQJ|Smartphone_medicine|Smartphone medicine|http://ieeexplore.ieee.org/abstract/document/7478521/||
XmiQ843YAnkJ|Rethinking_radiology_informatics|Rethinking radiology informatics|https://www.ajronline.org/doi/abs/10.2214/AJR.14.13840||
oGTiwoHExcMJ|Always_connected_The_security_challenges_of_the_healthcare_Internet_of_Things|Always connected: The security challenges of the healthcare Internet of Things|http://ieeexplore.ieee.org/abstract/document/7845455/||
Mg-nmv4roY8J|An_IOMT_based_medical_aid_alarm_system_with_online_server_assistance|An IOMT based medical-aid-alarm system with online server assistance|http://ieeexplore.ieee.org/abstract/document/7943155/||
w6-HDu_DM2UJ|How_5G_technology_enables_the_health_internet_of_things|How 5G technology enables the health internet of things|http://www.insidepolitics.org/brookingsreports/HealthIOT.pdf|http://www.insidepolitics.org/brookingsreports/HealthIOT.pdf|
7BldAcqZomcJ|A_Survey_on_Internet_of_Things_for_Healthcare_and_Medication_Management|A Survey on Internet of Things for Healthcare and Medication Management|http://ijsrcseit.com/paper/CSEIT17214.pdf|http://ijsrcseit.com/paper/CSEIT17214.pdf|
QYP0ESBcBLQJ|Autonomic_protocol_and_architecture_for_devices_in_Internet_of_Things|Autonomic protocol and architecture for devices in Internet of Things|http://ieeexplore.ieee.org/abstract/document/6873884/||
g58EZls4pqcJ|Ieee_11073_and_connected_health_Preparing_personal_health_devices_for_the_internet|Ieee 11073 and connected health: Preparing personal health devices for the internet|http://ieeexplore.ieee.org/abstract/document/6776001/||
8P6ITbSPe5AJ|A_new_computing_environment_for_collective_privacy_protection_from_constrained_healthcare_devices_to_IoT_cloud_services|A new computing environment for collective privacy protection from constrained healthcare devices to IoT cloud services|https://www.researchgate.net/profile/Ahmed_Elmisery/publication/321015333_A_new_computing_environment_for_collective_privacy_protection_from_constrained_healthcare_devices_to_IoT_cloud_services/links/5a12e38da6fdcc717b5222db/A-new-computing-environment-for-collective-privacy-protection-from-constrained-healthcare-devices-to-IoT-cloud-services.pdf|https://www.researchgate.net/profile/Ahmed_Elmisery/publication/321015333_A_new_computing_environment_for_collective_privacy_protection_from_constrained_healthcare_devices_to_IoT_cloud_services/links/5a12e38da6fdcc717b5222db/A-new-computing-environment-for-collective-privacy-protection-from-constrained-healthcare-devices-to-IoT-cloud-services.pdf|
SfY4AyHtk6EJ|Applicable_light_weight_cryptography_to_secure_medical_data_in_iot_systems|Applicable light-weight cryptography to secure medical data in iot systems|https://www.researchgate.net/profile/Adnan_Gutub/publication/316147812_J_1d_Abstract/data/58f2937f458515ff23af802e/J-1d-Abstract.pdf|https://www.researchgate.net/profile/Adnan_Gutub/publication/316147812_J_1d_Abstract/data/58f2937f458515ff23af802e/J-1d-Abstract.pdf|
dn0Na5gT_PwJ|A_design_characteristics_of_smart_healthcare_system_as_the_IoT_application|A design characteristics of smart healthcare system as the IoT application|http://www.indjst.org/index.php/indjst/article/view/102547/0|http://www.indjst.org/index.php/indjst/article/viewFile/102547/74023|
HJivolcOtEsJ|Design_and_development_of_low_investment_smart_hospital_using_internet_of_things_through_innovative_approaches|Design and development of low investment smart hospital using internet of things through innovative approaches|http://www.alliedacademies.org/articles/design-and-development-of-low-investment-smart-hospital-using-internet-of-things-through-innovative-approaches.html|http://www.alliedacademies.org/articles/design-and-development-of-low-investment-smart-hospital-using-internet-of-things-through-innovative-approaches.html|
N6ESgC4j56YJ|Towards_a_Platform_for_Prototyping_IoT_Health_Monitoring_Services|Towards a Platform for Prototyping IoT Health Monitoring Services|https://link.springer.com/chapter/10.1007/978-3-319-32689-4_40||
y7hgMJHNSgEJ|A_survey_report_on_Security_challenges_in_internet_of_things|A survey report on: Security & challenges in internet of things|http://www.academia.edu/download/41581200/NCICTP004.pdf|http://www.academia.edu/download/41581200/NCICTP004.pdf|
XmfBasdZSJMJ|BOOK_B_Strategies_in_Biomedical_Data_Science_Driving_Force_for_Innovation|[BOOK][B] Strategies in Biomedical Data Science: Driving Force for Innovation|https://books.google.com/books?hl=en&lr=&id=Lb_VDQAAQBAJ&oi=fnd&pg=PP1&dq=%22Internet+of+Medical+Things%22+OR+%22Internet+of+healthcare+things%22+OR+%22Internet+of+M-health+Things%22&ots=rSEhfkCEFM&sig=xMI4zeYIHjU6dH67ZNc9lj2g0gQ||
IqwMLRI_rDMJ|Enhancing_The_Capabilities_of_IoT_Based_Fog_and_Cloud_Infrastructures_for_Time_Sensitive_Events|Enhancing The Capabilities of IoT Based Fog and Cloud Infrastructures for Time Sensitive Events|http://dspace.ewubd.edu/handle/123456789/2323|http://dspace.ewubd.edu/bitstream/handle/123456789/2323/Md._Fazla_Rabbi_Bhuiyan.pdf?sequence=1|
050KM1stKyoJ|A_survey_on_Internet_of_Things_coordination|A survey on Internet of Things coordination|http://ieeexplore.ieee.org/abstract/document/7831328/||
DRPGgWkiXUsJ|Design_of_health_management_system_based_on_the_internet_of_things|Design of health management system based on the internet of things|http://www.atlantis-press.com/php/download_paper.php?id=24233|http://www.atlantis-press.com/php/download_paper.php?id=24233|
9brZ3qEhK0cJ|Poster_A_Portfolio_Theory_Approach_to_Edge_Traffic_Engineering_via_Bayesian_Networks|Poster: A Portfolio Theory Approach to Edge Traffic Engineering via Bayesian Networks|https://dl.acm.org/citation.cfm?id=3131250||
QPsEmkna4_8J|Smart_fog_Fog_computing_framework_for_unsupervised_clustering_analytics_in_wearable_internet_of_things|Smart fog: Fog computing framework for unsupervised clustering analytics in wearable internet of things|https://arxiv.org/abs/1712.09347|https://arxiv.org/pdf/1712.09347|
bcIUYdavMg8J|Engaging_Mobile_Data_to_Improve_Human_Well_being_the_ADL_Recognition_Approach|Engaging Mobile Data to Improve Human Well-being: the ADL Recognition Approach|http://ieeexplore.ieee.org/abstract/document/7950874/||
R-yo3LlExIsJ|Smart_health_care_system_using_internet_of_things|Smart health care system using internet of things|http://www.jncet.org/Manuscripts/Volume-6/Issue-3/Vol-6-issue-3-M-10.pdf|http://www.jncet.org/Manuscripts/Volume-6/Issue-3/Vol-6-issue-3-M-10.pdf|
0Ak6QCf7ZUsJ|Albia_Maqbool_Nazar_Mohsin|Albia Maqbool Nazar Mohsin|https://pdfs.semanticscholar.org/f706/3c21c7463fcb7cdc6ac67fd07b8f26dd3f5f.pdf||
8h_nR1ivUCkJ|Patient_Will_See_You_Now_The_Future_of_Medicine_is_in_Your_Hands|Patient Will See You Now: The Future of Medicine is in Your Hands|https://synapse.koreamed.org/search.php?where=aview&id=10.4258/hir.2015.21.4.321&code=1088HIR&vmode=FULL|https://synapse.koreamed.org/search.php?where=aview&id=10.4258/hir.2015.21.4.321&code=1088HIR&vmode=FULL|
B0QqSIcPalEJ|INTELLIGENT_WEB_SERVER_BASED_HEALTH_CARE_SOLUTION_SYSTEM|INTELLIGENT WEB SERVER BASED HEALTH CARE SOLUTION SYSTEM|http://www.ijitr.com/index.php/ojs/article/view/1942||
BIO1biAM8GAJ|Innovators_Help_Radiology_Transform_Healthcare_Delivery|Innovators Help Radiology Transform Healthcare Delivery|https://pdfs.semanticscholar.org/17c1/ebbe7826693d0a1b60fa6c440cee29abb85f.pdf|https://pdfs.semanticscholar.org/17c1/ebbe7826693d0a1b60fa6c440cee29abb85f.pdf|
ZWO5i8VoAJ8J|Centralized_healthcare_cyber_physical_system_s_data_analysis_module_development|Centralized healthcare cyber-physical system's data analysis module development|http://ieeexplore.ieee.org/abstract/document/7821826/||
DRPGgWkiXUsJ|Design_of_health_management_system_based_on_the_internet_of_things|Design of health management system based on the internet of things|http://www.atlantis-press.com/php/download_paper.php?id=24233|http://www.atlantis-press.com/php/download_paper.php?id=24233|
9brZ3qEhK0cJ|Poster_A_Portfolio_Theory_Approach_to_Edge_Traffic_Engineering_via_Bayesian_Networks|Poster: A Portfolio Theory Approach to Edge Traffic Engineering via Bayesian Networks|https://dl.acm.org/citation.cfm?id=3131250||
QPsEmkna4_8J|Smart_fog_Fog_computing_framework_for_unsupervised_clustering_analytics_in_wearable_internet_of_things|Smart fog: Fog computing framework for unsupervised clustering analytics in wearable internet of things|https://arxiv.org/abs/1712.09347|https://arxiv.org/pdf/1712.09347|
bcIUYdavMg8J|Engaging_Mobile_Data_to_Improve_Human_Well_being_the_ADL_Recognition_Approach|Engaging Mobile Data to Improve Human Well-being: the ADL Recognition Approach|http://ieeexplore.ieee.org/abstract/document/7950874/||
R-yo3LlExIsJ|Smart_health_care_system_using_internet_of_things|Smart health care system using internet of things|http://www.jncet.org/Manuscripts/Volume-6/Issue-3/Vol-6-issue-3-M-10.pdf|http://www.jncet.org/Manuscripts/Volume-6/Issue-3/Vol-6-issue-3-M-10.pdf|
0Ak6QCf7ZUsJ|Albia_Maqbool_Nazar_Mohsin|Albia Maqbool Nazar Mohsin|https://pdfs.semanticscholar.org/f706/3c21c7463fcb7cdc6ac67fd07b8f26dd3f5f.pdf||
8h_nR1ivUCkJ|Patient_Will_See_You_Now_The_Future_of_Medicine_is_in_Your_Hands|Patient Will See You Now: The Future of Medicine is in Your Hands|https://synapse.koreamed.org/search.php?where=aview&id=10.4258/hir.2015.21.4.321&code=1088HIR&vmode=FULL|https://synapse.koreamed.org/search.php?where=aview&id=10.4258/hir.2015.21.4.321&code=1088HIR&vmode=FULL|
B0QqSIcPalEJ|INTELLIGENT_WEB_SERVER_BASED_HEALTH_CARE_SOLUTION_SYSTEM|INTELLIGENT WEB SERVER BASED HEALTH CARE SOLUTION SYSTEM|http://www.ijitr.com/index.php/ojs/article/view/1942||
BIO1biAM8GAJ|Innovators_Help_Radiology_Transform_Healthcare_Delivery|Innovators Help Radiology Transform Healthcare Delivery|https://pdfs.semanticscholar.org/17c1/ebbe7826693d0a1b60fa6c440cee29abb85f.pdf|https://pdfs.semanticscholar.org/17c1/ebbe7826693d0a1b60fa6c440cee29abb85f.pdf|
ZWO5i8VoAJ8J|Centralized_healthcare_cyber_physical_system_s_data_analysis_module_development|Centralized healthcare cyber-physical system's data analysis module development|http://ieeexplore.ieee.org/abstract/document/7821826/||
41ZXjFIvHI4J|Overview_and_General_Principles|Overview and General Principles|https://link.springer.com/chapter/10.1007/978-981-10-5305-4_6||
3dI0lhP7w0YJ|Proactive_healthcare_and_an_early_warning_mechanism_for_coronary_artery_disease_patients_using_Internet_of_Thing_devices|Proactive healthcare and an early warning mechanism for coronary artery disease patients using Internet-of-Thing devices|http://ieeexplore.ieee.org/abstract/document/7844432/|http://www.uni-obuda.hu/users/szakala/SMC%202016%20pendrive/1378_smc2016.pdf|
A5fAoZVjZgkJ|Smartphone_based_automatic_organ_validation_in_ultrasound_video|Smartphone based automatic organ validation in ultrasound video|http://ieeexplore.ieee.org/abstract/document/8037804/|https://www.iith.ac.in/~raji/Cpapers/SBOV%20Ultrasound.pdf|
31fEpCWW4CgJ|The_Roles_for_Information_Communication_Technology_Web_2_0_and_Internet_of_Things_in_Curricular_Delivery_and_Assessment_in_21st_Century|The Roles for Information Communication Technology, Web-2.0 and Internet of Things in Curricular Delivery and Assessment in 21st Century|https://www.jbcahs.org/journal/article/view/41|https://www.jbcahs.org/journal/article/download/41/6|
9W2ythhdFl8J|Ontology_based_system_for_patient_monitoring_with_connected_objects|Ontology-based system for patient monitoring with connected objects|https://www.sciencedirect.com/science/article/pii/S1877050917314849|https://www.sciencedirect.com/science/article/pii/S1877050917314849/pdf?md5=5d2068dd9b8439e53d677b2d533ba32d&pid=1-s2.0-S1877050917314849-main.pdf&_valck=1|
zBpr0ouZefYJ|Stochastic_delay_forecasts_for_edge_traffic_engineering_via_Bayesian_Networks|Stochastic delay forecasts for edge traffic engineering via Bayesian Networks|http://ieeexplore.ieee.org/abstract/document/8171341/||
_-tD4Lx9nhEJ|SAUDI_CHRONIC_PATIENTS_ATTITUDES_TOWARD_REMOTE_MONITORING_NOUF_AHMED_ALMEZEINI|SAUDI CHRONIC PATIENTS'ATTITUDES TOWARD REMOTE MONITORING NOUF AHMED ALMEZEINI|http://www.jiarm.com/MAY2017/paper30572.pdf|http://www.jiarm.com/MAY2017/paper30572.pdf|
eOnm9yiu5VUJ|Telecardiology_and_Chronic_Disease_Management|Telecardiology and Chronic Disease Management|http://www.academia.edu/download/32824297/Proceedings_2008_Book_Contents.pdf|http://www.academia.edu/download/32824297/Proceedings_2008_Book_Contents.pdf|
ty4tqYpLMaYJ|Recognizing_Activities_of_Daily_Living_to_Improve_Well_Being|Recognizing Activities of Daily Living to Improve Well-Being|http://ieeexplore.ieee.org/abstract/document/7945203/||
UzlT0Qx95D8J|mHealth_History_analysis_and_implementation|mHealth: History, analysis, and implementation|https://books.google.com/books?hl=en&lr=&id=fQB6CwAAQBAJ&oi=fnd&pg=PA1&dq=%22Internet+of+Medical+Things%22+OR+%22Internet+of+healthcare+things%22+OR+%22Internet+of+M-health+Things%22&ots=dglCxzTlNj&sig=NViBIMGQfQBUyD9XqoK2N59gs4c||
x-P_5iWfL1oJ|BOOK_B_Modern_standardization_case_studies_at_the_crossroads_of_technology_economics_and_politics|[BOOK][B] Modern standardization: case studies at the crossroads of technology, economics, and politics|https://books.google.com/books?hl=en&lr=&id=A_pNDQAAQBAJ&oi=fnd&pg=PA1&dq=%22Internet+of+Medical+Things%22+OR+%22Internet+of+healthcare+things%22+OR+%22Internet+of+M-health+Things%22&ots=q34rwevErC&sig=NTf0Az8ThubhlpjbuHWv0FJeo7c||
o8lbF3LWPfMJ|Opportunities_for_community_awareness_platforms_in_personal_genomics_and_bioinformatics_education|Opportunities for community awareness platforms in personal genomics and bioinformatics education|https://academic.oup.com/bib/article-abstract/18/6/1082/2562859||
an_21VBAe3oJ|Molecular_Diagnostics_on_the_Smartphone_The_Mobile_Health_Revolution|Molecular Diagnostics on the Smartphone: The Mobile Health Revolution|https://books.google.com/books?hl=en&lr=&id=O6wwCgAAQBAJ&oi=fnd&pg=PA5&dq=%22Internet+of+Medical+Things%22+OR+%22Internet+of+healthcare+things%22+OR+%22Internet+of+M-health+Things%22&ots=pD0uYZ5pAK&sig=zwWg746W-w0O8_Q9oTBiiQzqaeE|http://citeseerx.ist.psu.edu/viewdoc/download?doi=10.1.1.730.8933&rep=rep1&type=pdf#page=14|
a98AbM902ogJ|The_internet_of_things_Limitless_Opportunities_for_business_and_society|The internet of things: Limitless Opportunities for business and society|https://www.researchgate.net/profile/Mohsen_Attaran/publication/314089633_The_Internet_of_Things_Limitless_Opportunities_for_Business_and_Society/links/5980d552a6fdccb310ff1785/The-Internet-of-Things-Limitless-Opportunities-for-Business-and-Society.pdf|https://www.researchgate.net/profile/Mohsen_Attaran/publication/314089633_The_Internet_of_Things_Limitless_Opportunities_for_Business_and_Society/links/5980d552a6fdccb310ff1785/The-Internet-of-Things-Limitless-Opportunities-for-Business-and-Society.pdf|
7u2tJmKmNAgJ|微型無線生理感測器融合整合通訊與醫療物聯網|微型無線生理感測器融合整合通訊與醫療物聯網|http://www.airitilibrary.com/Publication/alDetailedMesh?docid=U0002-2407201301310800||
SsWOgc50powJ|Guest_editorial_introduction_to_the_special_section_4G_health_the_long_term_evolution_of_m_health|Guest editorial introduction to the special section: 4G health—the long-term evolution of m-health|http://ieeexplore.ieee.org/abstract/document/6134672/|http://ieeexplore.ieee.org/iel5/4233/6145490/06134672.pdf|
4IKC9M2ZM9MJ|Do_It_Yourself_solution_of_Internet_of_Things_Healthcare_System_Measuring_body_parameters_and_environmental_parameters_affecting_health|Do It Yourself solution of Internet of Things Healthcare System: Measuring body parameters and environmental parameters affecting health|https://www.researchgate.net/profile/Vladimir_Vujovic/publication/297869237_Do_It_Yourself_solution_of_Internet_of_Things_Healthcare_System_Measuring_body_parameters_and_environmental_parameters_affecting_health/links/56e3ebcd08ae68afa1105942/Do-It-Yourself-solution-of-Internet-of-Things-Healthcare-System-Measuring-body-parameters-and-environmental-parameters-affecting-health.pdf|https://www.researchgate.net/profile/Vladimir_Vujovic/publication/297869237_Do_It_Yourself_solution_of_Internet_of_Things_Healthcare_System_Measuring_body_parameters_and_environmental_parameters_affecting_health/links/56e3ebcd08ae68afa1105942/Do-It-Yourself-solution-of-Internet-of-Things-Healthcare-System-Measuring-body-parameters-and-environmental-parameters-affecting-health.pdf|
0V9sSzprlcsJ|Connected_Combination_Products_Past_Present_Future|Connected Combination Products: Past Present & Future|http://mmedhealth.com/pdf/Napolean_Monroe-ConnectedCombinationProducts.pdf|http://mmedhealth.com/pdf/Napolean_Monroe-ConnectedCombinationProducts.pdf|
moB8TIhBtuYJ|Digital_Innovation|Digital Innovation|https://31663966digitalinnovation.wordpress.com/2016/05/08/3-the-internet-of-things-iot/|https://31663966digitalinnovation.wordpress.com/2016/05/08/3-the-internet-of-things-iot/|
F8al7xNIcUgJ|An_IoT_application_evaluation_in_Castalia_Emergency_Response|An IoT application evaluation in Castalia: Emergency Response|https://www.researchgate.net/profile/Eren_Demir3/publication/306250773_An_IoT_Application_Evaluation_in_Castalia_Emergency_Response/links/57b4647c08ae19a365fae6c3/An-IoT-Application-Evaluation-in-Castalia-Emergency-Response.pdf|https://www.researchgate.net/profile/Eren_Demir3/publication/306250773_An_IoT_Application_Evaluation_in_Castalia_Emergency_Response/links/57b4647c08ae19a365fae6c3/An-IoT-Application-Evaluation-in-Castalia-Emergency-Response.pdf|
DuGqt0AYp_AJ|EHDViz_clinical_dashboard_development_using_open_source_technologies|EHDViz: clinical dashboard development using open-source technologies|http://bmjopen.bmj.com/content/6/3/e010579?utm_source=trendmd&utm_medium=cpc&utm_campaign=aim&utm_content=Journalcontent&utm_term=TrendMDPhase4|http://bmjopen.bmj.com/content/6/3/e010579?utm_source=trendmd&utm_medium=cpc&utm_campaign=aim&utm_content=Journalcontent&utm_term=TrendMDPhase4|
nOTxYwvBcEAJ|IET_Seminar_on_Assisted_Living_2011|IET Seminar on Assisted Living 2011|https://www.infona.pl/resource/bwmeta1.element.ieee-conf-000006179368||
e70vxFIQFpQJ|Pervasive_health_monitoring_based_on_internet_of_things_Two_case_studies|Pervasive health monitoring based on internet of things: Two case studies|http://ieeexplore.ieee.org/abstract/document/7015964/|https://pdfs.semanticscholar.org/b0f0/f8d56081caf0a5859c0e6d3359208ffaa73a.pdf|
-fjPD8fGDpMJ|Smart_Cities_The_Future_of_World|Smart Cities-The Future of World|http://search.proquest.com/openview/94f3a444d3f907bd9d7f81092baf54a8/1?pq-origsite=gscholar&cbl=1606379|http://www.ijarcs.info/index.php/Ijarcs/article/viewFile/3705/3197|
6nTu0g-Tbf0J|UTILIZAREA_TEHNOLOGIEI_IOT_IN_DOMENIUL_MEDICAL|UTILIZAREA TEHNOLOGIEI IOT ÎN DOMENIUL MEDICAL|https://rria.ici.ro/wp-content/uploads/2017/09/04-art.2-Potlogea_Zamfiroiu-1.pdf|https://rria.ici.ro/wp-content/uploads/2017/09/04-art.2-Potlogea_Zamfiroiu-1.pdf|
OhPUv82v7HoJ|Centralized_healthcare_cyber_physical_system_s_architecture_development|Centralized healthcare cyber-physical system's architecture development|http://ieeexplore.ieee.org/abstract/document/7763155/||
KJknvXzLtmgJ|mHEALTH_PREGLED_STANJA_I_TRENDOVI_RAZVOJA|mHEALTH–PREGLED STANJA I TRENDOVI RAZVOJA|http://postel.sf.bg.ac.rs/simpozijumi/POSTEL2016/RADOVI%20PDF/Telekomunikacioni%20saobracaj%20i%20servisi/4.%20Marinkovic-Milutinovic-Atanaskovic.pdf|http://postel.sf.bg.ac.rs/simpozijumi/POSTEL2016/RADOVI%20PDF/Telekomunikacioni%20saobracaj%20i%20servisi/4.%20Marinkovic-Milutinovic-Atanaskovic.pdf|
Baag_YDTP0QJ|Mobile_Data_Analytics|Mobile Data Analytics|http://ieeexplore.ieee.org/abstract/document/7945178/|http://ieeexplore.ieee.org/iel7/6294/7945154/07945178.pdf|
KHdA79NP9vAJ|A_Novel_Framework_for_Cloud_Based_Bone_Age_Assessment_Integration_System_Review_and_Analysis|A Novel Framework for Cloud Based Bone Age Assessment Integration System: Review and Analysis|https://pdfs.semanticscholar.org/1b16/bd90db2d9cd6c0e80a55bce3c91274dd1003.pdf|https://pdfs.semanticscholar.org/1b16/bd90db2d9cd6c0e80a55bce3c91274dd1003.pdf|
7wIRYurvnT4J|Internet_of_things_for_an_age_friendly_healthcare|Internet of things for an age-friendly healthcare.|https://pdfs.semanticscholar.org/a59e/9c3fc5437939c1ae05d1aaeedc8b52a3443c.pdf|https://pdfs.semanticscholar.org/a59e/9c3fc5437939c1ae05d1aaeedc8b52a3443c.pdf|
MYxyx6ViUQkJ|Trust_based_decision_making_for_health_IoT_systems|Trust-based decision making for health IoT systems|http://ieeexplore.ieee.org/abstract/document/8002573/|http://people.cs.vt.edu/~irchen/ps/Al-Hamadi-ieeeJIoT17.pdf|
d5vZ1vMJuZcJ|Internet_of_things_in_healthcare|Internet of things in healthcare|https://link.springer.com/chapter/10.1007/978-3-319-49736-5_2||
Gr3FJJNFRYAJ|BOOK_B_Smart_Sensors_and_Systems|[BOOK][B] Smart Sensors and Systems|https://link.springer.com/content/pdf/10.1007/978-3-319-33201-7.pdf||
MZ7fX4QqRjgJ|DETECTION_AND_RECOGNITION_OF_DAILY_ACTIVITIES_BY_UTILIZING_NOVEL_TECHNOLOGIES|DETECTION AND RECOGNITION OF DAILY ACTIVITIES BY UTILIZING NOVEL TECHNOLOGIES|http://jultika.oulu.fi/files/nbnfioulu-201711093088.pdf|http://jultika.oulu.fi/files/nbnfioulu-201711093088.pdf|
V-RL1Ix0mlkJ|Healthcare_Data_Analysis_in_the_Internet_of_Things_Era|Healthcare Data Analysis in the Internet of Things Era|https://www.igi-global.com/chapter/healthcare-data-analysis-in-the-internet-of-things-era/183912||
iCPsx0FfGlQJ|Toward_transparent_and_self_activated_graphene_harmonic_transponder_sensors|Toward transparent and self-activated graphene harmonic transponder sensors|http://aip.scitation.org/doi/abs/10.1063/1.4948254||
VweuNXoJIdQJ|ESSCIRC_2016_Table_of_Contents|ESSCIRC 2016 Table of Contents|http://ieeexplore.ieee.org/abstract/document/7598229/|http://ieeexplore.ieee.org/iel7/7585490/7598228/07598229.pdf|
EliPmMcGx-AJ|Analytics_and_Telehealth_Emerging_Technologies_The_Path_Forward_for_Smart_Primary_Care_Environment|Analytics and Telehealth Emerging Technologies: The Path Forward for Smart Primary Care Environment|http://healthcare-communications.imedpub.com/analytics-and-telehealth-emerging-technologies-the-path-forward-for-smart-primary-care-environment.php?aid=20802|http://healthcare-communications.imedpub.com/analytics-and-telehealth-emerging-technologies-the-path-forward-for-smart-primary-care-environment.php?aid=20802|
3v2dN4Q8u24J|Wireless_body_area_networks_challenges_trends_and_emerging_technologies|Wireless body area networks: challenges, trends and emerging technologies|https://dl.acm.org/citation.cfm?id=2555321|http://ece.neu.edu/fac-ece/basagni/papers/AntonescuB13.pdf|
WAWdHah-hmgJ|Will_5G_become_yet_another_wireless_technology_for_industrial_automation|Will 5G become yet another wireless technology for industrial automation?|http://ieeexplore.ieee.org/abstract/document/7915554/|http://www.diva-portal.org/smash/get/diva2:1112686/FULLTEXT02|
x0yEihn-DxEJ|A_Dynamic_Approach_to_Medical_Data_Visualization_and_Interaction|A Dynamic Approach to Medical Data Visualization and Interaction.|https://pdfs.semanticscholar.org/b475/4ea822eaf7d72a676d228169dccfe3a71b82.pdf|https://pdfs.semanticscholar.org/b475/4ea822eaf7d72a676d228169dccfe3a71b82.pdf|
DbWqak62gbQJ|BOOK_B_Cognitive_Computing_Theory_and_Applications|[BOOK][B] Cognitive Computing: Theory and Applications|https://books.google.com/books?hl=en&lr=&id=PBKhCgAAQBAJ&oi=fnd&pg=PP1&dq=%22Internet+of+Medical+Things%22+OR+%22Internet+of+healthcare+things%22+OR+%22Internet+of+M-health+Things%22&ots=USAKd0qzAM&sig=ZtNpraBfu1kJo4jgUeIEbIdApsQ||
KrCIKrVg54IJ|Internet_of_things_and_big_data_technologies_for_next_generation_healthcare|Internet of things and big data technologies for next generation healthcare|https://link.springer.com/content/pdf/10.1007/978-3-319-49736-5.pdf||
w5wFOlTJoAQJ|IoT_in_Medical_Analytics_Technological_Advancement_for_Health_Management|IoT in Medical Analytics: Technological Advancement for Health Management|http://academicscience.co.in/admin/resources/project/paper/f201709041504511158.pdf|http://academicscience.co.in/admin/resources/project/paper/f201709041504511158.pdf|
vF8OfjPVVMUJ|Internet_rzeczy_w_medycynie_i_dla_podniesienia_komfortu_zycia|Internet rzeczy w medycynie i dla podniesienia komfortu życia|http://yadda.icm.edu.pl/yadda/element/bwmeta1.element.baztech-718ee07b-f902-4b33-a5f4-78336434ee7a||
MHxysyvxGS8J|Medizintechnik_ist_laengst_im_Visier_von_Cyberkriminellen|Medizintechnik ist längst im Visier von Cyberkriminellen|https://link.springer.com/article/10.1007/s00060-017-5527-2||
Wwzh-asviogJ|Standing_hypotension_prediction_based_on_smartwatch_heart_rate_variability_data_a_novel_approach|Standing hypotension prediction based on smartwatch heart rate variability data: a novel approach|https://dl.acm.org/citation.cfm?id=2970370||
Rh4XmNtDQ1kJ|Context_aware_early_warning_system_for_in_home_healthcare_using_internet_of_things|Context-aware early warning system for in-home healthcare using internet-of-things|https://link.springer.com/chapter/10.1007/978-3-319-47063-4_56|https://www.researchgate.net/profile/Arman_Anzanpour/publication/281175785_Context-Aware_Early_Warning_System_for_In-Home_Healthcare_Using_Internet-of-Things/links/56aa3ca608ae2df82166d2d8/Context-Aware-Early-Warning-System-for-In-Home-Healthcare-Using-Internet-of-Things.pdf|
vF4AHhFky-YJ|Enabling_Technologies_for_the_Internet_of_Health_Things|Enabling Technologies for the Internet of Health Things|https://www.researchgate.net/profile/Heres_Arantes_Junqueira/publication/322261039_Enabling_Technologies_for_the_Internet_of_Health_Things/links/5a564ead45851547b1bf1629/Enabling-Technologies-for-the-Internet-of-Health-Things.pdf|https://www.researchgate.net/profile/Heres_Arantes_Junqueira/publication/322261039_Enabling_Technologies_for_the_Internet_of_Health_Things/links/5a564ead45851547b1bf1629/Enabling-Technologies-for-the-Internet-of-Health-Things.pdf|
_H5xssTbYFcJ|Enabling_Technologies_for_the_Internet_of_Health_Things|Enabling Technologies for the Internet of Health Things|http://ieeexplore.ieee.org/abstract/document/8246498/|http://ieeexplore.ieee.org/iel7/6287639/6514899/08246498.pdf|
MJRthlW7TAMJ|Emerging_IT_trends_in_healthcare_and_well_being|Emerging IT trends in healthcare and well-being|http://ieeexplore.ieee.org/abstract/document/7478507/|http://ieeexplore.ieee.org/iel7/6294/7478478/07478507.pdf|
-vNeKL34cf4J|Internet_of_Things_in_Higher_Education_A_Study_on_Future_Learning|Internet of Things in Higher Education: A Study on Future Learning|http://iopscience.iop.org/article/10.1088/1742-6596/892/1/012017/meta|http://iopscience.iop.org/article/10.1088/1742-6596/892/1/012017/pdf|
NOjuY-E_yS4J|Now_is_the_time_for_a_cybersecurity_standard_for_connected_diabetes_devices|Now is the time for a cybersecurity standard for connected diabetes devices|http://journals.sagepub.com/doi/full/10.1177/1932296816647516|http://journals.sagepub.com/doi/full/10.1177/1932296816647516|
fZB9aGHFTQoJ|The_Internet_of_Things_and_Cognitive_Computing|The Internet of Things and Cognitive Computing|https://www.sciencedirect.com/science/article/pii/S0169716116300505||
0qClcG8WmjUJ|Proceedings_Book_of_ICETSR_2014_Malaysia|Proceedings Book of ICETSR, 2014, Malaysia|https://www.researchgate.net/profile/Mohamed_Habaebi/publication/261673795_SIHAT_Simplifying_interfaces_in_health-nets_for_achieving_telemetry/links/00b49534f7cb7d7d6e000000/SIHAT-Simplifying-interfaces-in-health-nets-for-achieving-telemetry.pdf|https://www.researchgate.net/profile/Mohamed_Habaebi/publication/261673795_SIHAT_Simplifying_interfaces_in_health-nets_for_achieving_telemetry/links/00b49534f7cb7d7d6e000000/SIHAT-Simplifying-interfaces-in-health-nets-for-achieving-telemetry.pdf|
nzFXZLPp2akJ|Requirements_for_Successful_Adoption_of_a_Glucose_Measurement_System_Into_a_Hospital_POC_Program|Requirements for Successful Adoption of a Glucose Measurement System Into a Hospital POC Program|http://journals.sagepub.com/doi/abs/10.1177/1932296816645363|http://journals.sagepub.com/doi/full/10.1177/1932296816645363|
-aMFXReLTPQJ|Emerging_IT_Trends_in_Healthcare_and_Well_Being|Emerging IT Trends in Healthcare and Well-Being|https://mycomputer.computer.org/csdl/mags/it/2016/03/mit2016030009.html||
2sBHXcXyTskJ|An_IoT_based_patient_monitoring_system_using_raspberry_Pi|An IoT based patient monitoring system using raspberry Pi|http://ieeexplore.ieee.org/abstract/document/7725378/||
KhmgFSi1vb0J|A_framework_for_future_application_of_RFID_technology_for_school_and_vocational_trainings_on_Internet_of_Things|A framework for future application of RFID technology for school and vocational trainings on Internet of Things|http://search.proquest.com/openview/48fc68ee65981bfaf88c2022727fa17d/1?pq-origsite=gscholar&cbl=616671|https://www.researchgate.net/profile/Ahmad_Shaker/publication/321296076_A_framework_for_future_application_of_RFID_technology_for_school_and_vocational_trainings_on_Internet_of_Things/links/5a19fbefaca272df080d825c/A-framework-for-future-application-of-RFID-technology-for-school-and-vocational-trainings-on-Internet-of-Things.pdf|
pXHIInMdP9cJ|An_automated_system_to_mitigate_loss_of_life_at_unmanned_level_crossings|An automated system to mitigate loss of life at unmanned level crossings|https://www.sciencedirect.com/science/article/pii/S1877050916316532|https://www.sciencedirect.com/science/article/pii/S1877050916316532/pdf?md5=8df5fbebff8fc6f304e20c2e50ffaa90&pid=1-s2.0-S1877050916316532-main.pdf&_valck=1|
SOkX7a9o75UJ|Examining_Data_Breaches_in_Healthcare|Examining Data Breaches in Healthcare|http://search.proquest.com/openview/50f88c5c8ac7b4e73933ad9b6407b233/1?pq-origsite=gscholar&cbl=18750&diss=y||
l6HmAjG-OFYJ|A_healthcare_service_system_based_on_internet_of_things|A healthcare service system based on internet of things|https://www.scientific.net/AMR.774-776.1903||
ZkH7kDePIloJ|Internet_of_things_enabled_in_home_health_monitoring_system_using_early_warning_score|Internet of things enabled in-home health monitoring system using early warning score|https://dl.acm.org/citation.cfm?id=2897468|https://pdfs.semanticscholar.org/51e1/e8a27e244bc58c7b4406f71313ecd28baf2f.pdf|
c5Uq1Z__n5wJ|Social_Internet_of_Things_in_Healthcare_From_Things_to_Social_Things_in_Internet_of_Things|Social Internet of Things in Healthcare: From Things to Social Things in Internet of Things|https://books.google.com/books?hl=en&lr=&id=7RshDgAAQBAJ&oi=fnd&pg=PA88&dq=%22Internet+of+Medical+Things%22+OR+%22Internet+of+healthcare+things%22+OR+%22Internet+of+M-health+Things%22&ots=PoUHyBxQdN&sig=1cqaYaOQ-EEiUFtJy4ifC7OTXic||
9iZB2fY38DYJ|Trust_based_decision_making_for_environmental_health_community_of_interest_IoT_systems|Trust-based decision making for environmental health community of interest IoT systems.|http://people.cs.vt.edu/~irchen/ps/Al-Hamadi-STWiMob16.pdf|http://people.cs.vt.edu/~irchen/ps/Al-Hamadi-STWiMob16.pdf|
6A3-I9fMtaIJ|Home_Automation_Using_IoT|Home Automation Using IoT|https://link.springer.com/chapter/10.1007/978-3-319-60435-0_9||
F9xoXr02bPwJ|A_personal_connected_health_system_for_the_Internet_of_Things_based_on_the_Constrained_Application_Protocol|A personal connected health system for the Internet of Things based on the Constrained Application Protocol|https://www.sciencedirect.com/science/article/pii/S0045790615000683||
UlimCHhmTcsJ|Analysis_of_the_current_state_of_Industrial_Internet_of_Things_IIoT_adoption|Analysis of the current state of Industrial Internet of Things (IIoT) adoption|https://dspace.mit.edu/handle/1721.1/107361|https://dspace.mit.edu/bitstream/handle/1721.1/107361/973334170-MIT.pdf?sequence=1|
Noo84WdJKuwJ|mHEALTH_REVIEW_OF_MOBILE_HEALTH_MONITORING_SYSTEMS|mHEALTH: REVIEW OF MOBILE HEALTH MONITORING SYSTEMS|http://www.academia.edu/download/45424667/IJECET_07_02_003-2.pdf|http://www.academia.edu/download/45424667/IJECET_07_02_003-2.pdf|
rSy9r2R7bywJ|International_Journal_of_Computer_Network_and_Information_Security_IJCNIS|International Journal of Computer Network and Information Security (IJCNIS)|http://www.mecs-press.org/ijcnis/ijcnis-v9-n4/v9n4-7.html||
vO1qMk_t53wJ|A_Daily_Activity_Monitoring_System_for_Internet_of_Things_Assisted_Living_in_Home_Area_Networks|A Daily Activity Monitoring System for Internet of Things-Assisted Living in Home Area Networks|http://search.proquest.com/openview/b81eadc05b1c9ffa6260ac7959bedc2f/1?pq-origsite=gscholar&cbl=1686344|http://iaescore.com/journals/index.php/IJECE/article/viewFile/119/135|
2ozlgzxCKPoJ|An_internet_of_things_framework_for_remote_monitoring_of_the_healthcare_parameters|An internet of things framework for remote monitoring of the healthcare parameters|https://www.researchgate.net/profile/Ioan_Ungurean/publication/317331372_An_Internet_of_Things_Framework_for_Remote_Monitoring_of_the_HealthCare_Parameters/links/595dbfc7aca27230850d1031/An-Internet-of-Things-Framework-for-Remote-Monitoring-of-the-HealthCare-Parameters.pdf|https://www.researchgate.net/profile/Ioan_Ungurean/publication/317331372_An_Internet_of_Things_Framework_for_Remote_Monitoring_of_the_HealthCare_Parameters/links/595dbfc7aca27230850d1031/An-Internet-of-Things-Framework-for-Remote-Monitoring-of-the-HealthCare-Parameters.pdf|
cGoZRnOtf0QJ|Fuzzy_logic_for_decision_enablement_a_novel_context_awareness_framework_for_smarter_environments|Fuzzy logic for decision-enablement: a novel context-awareness framework for smarter environments|https://www.inderscienceonline.com/doi/abs/10.1504/IJHPCN.2017.083202|https://www.researchgate.net/profile/Rselvarani_Rangasamy/publication/283448757_Fuzzy_logic_for_decision-enablement_A_novel_context-_awareness_framework_for_smarter_environments/links/56387d9108ae51ccb3cc2992.pdf|
wo0LTBRNn-gJ|Technological_Requirements|Technological Requirements|https://link.springer.com/chapter/10.1007/978-981-10-5305-4_5||
frOJCmq7QZUJ|A_Standard_Based_and_Context_Aware_Architecture_for_Personal_Healthcare_Smart_Gateways|A Standard-Based and Context-Aware Architecture for Personal Healthcare Smart Gateways|https://link.springer.com/article/10.1007/s10916-016-0580-8||
iySZ-pmzO2gJ|Development_and_promotion_in_translational_medicine_perspectives_from_2012_sino_american_symposium_on_clinical_and_translational_medicine|Development and promotion in translational medicine: perspectives from 2012 sino-american symposium on clinical and translational medicine|https://clintransmed.springeropen.com/articles/10.1186/2001-1326-1-25|https://clintransmed.springeropen.com/articles/10.1186/2001-1326-1-25|
Fqe1zdE0dXkJ|NFC_technology_Today_and_tomorrow|NFC technology: Today and tomorrow|http://search.proquest.com/openview/61874756aab3bb29e396fc1b9a0ef127/1?pq-origsite=gscholar&cbl=2027422|http://www.ijfcc.org/papers/183-C049.pdf|
c8Lac9RV2oAJ|Health_spending_projections_through_2017_the_baby_boom_generation_is_coming_to_Medicare|Health spending projections through 2017: the baby-boom generation is coming to Medicare|http://www.healthaffairs.org/doi/abs/10.1377/hlthaff.27.2.w145|http://www.healthaffairs.org/doi/full/10.1377/hlthaff.27.2.w145|
hEEXoVvUpbcJ|Challenges_Opportunities_for_Blockchain_Powered_Healthcare_Systems_A_Review|Challenges & Opportunities for Blockchain Powered Healthcare Systems: A Review|https://medicine.mrjournals.org/index.php/medicine/article/view/6|https://medicine.mrjournals.org/index.php/medicine/article/download/6/5|
WdSwIqdHpBwJ|Internet_of_Things_esineiden_internet|Internet of Things-esineiden internet|https://www.theseus.fi/handle/10024/136834|https://www.theseus.fi/bitstream/handle/10024/136834/opinnaytetyo_PorholaTimoSamuli_26_11_2017versio.pdf?sequence=1&isAllowed=y|
PwH-p5AsJ1UJ|BOOK_B_Science_and_democracy_making_knowledge_and_making_power_in_the_biosciences_and_beyond|[BOOK][B] Science and democracy: making knowledge and making power in the biosciences and beyond|https://books.google.com/books?hl=en&lr=&id=FgfwBgAAQBAJ&oi=fnd&pg=PP1&dq=%22Internet+of+Medical+Things%22+OR+%22Internet+of+healthcare+things%22+OR+%22Internet+of+M-health+Things%22&ots=vOynCMIQWD&sig=gkN6esk-I4XCYbiMuKio2RWshyE||
2tilUJaaw1cJ|Interior_Design_in_Improving_Smart_and_Sustainable_Healthcare_A_Case_study_on_Pediatrics_Clinics|Interior Design in Improving Smart and Sustainable Healthcare A Case study on Pediatrics Clinics|https://pdfs.semanticscholar.org/8fc3/2f8c040fe7b618c417c41c5560e13c14483a.pdf|https://pdfs.semanticscholar.org/8fc3/2f8c040fe7b618c417c41c5560e13c14483a.pdf|
9fpJTNDai0UJ|A_survey_on_IoT_applications_security_challenges_and_counter_measures|A survey on IoT applications, security challenges and counter measures|http://ieeexplore.ieee.org/abstract/document/7914983/||
oIS5rDciMvAJ|WMS4HPC_a_Workflow_Management_System_bridge_for_High_Performance_Computing_in_life_science_data_management|WMS4HPC, a Workflow Management System bridge for High Performance Computing in life science data management|http://search.proquest.com/openview/20fadbe38aeca043a1b0268504bef984/1?pq-origsite=gscholar&cbl=1976360|https://pdfs.semanticscholar.org/bf1d/675c450c48c888f63354f3a5eac65bd36ca7.pdf|
EN-BLeE0f7kJ|Ubiquitous_health_management_system_with_watch_type_monitoring_device_for_dementia_patients|Ubiquitous health management system with watch-type monitoring device for dementia patients|https://www.hindawi.com/journals/jam/2014/878741/abs/|http://downloads.hindawi.com/journals/jam/2014/878741.pdf|
r_Ls9tFtMBgJ|Implementing_Internet_of_Things_in_a_Remote_Patient_Medical_Monitoring_System|Implementing Internet of Things in a Remote Patient Medical Monitoring System|https://www.ermt.net/docs/papers/Volume_6/8_August2017/V6N8-104.pdf|https://www.ermt.net/docs/papers/Volume_6/8_August2017/V6N8-104.pdf|
WHnQ3jw-gP4J|A_COLLABORATIVE_APPROACH_TO_MANAGE_AND_SHARE_ELDERLY_BIOMEDICAL_INFORMATION|A COLLABORATIVE APPROACH TO MANAGE AND SHARE ELDERLY BIOMEDICAL INFORMATION|http://www.canal6.com.br/cbeb/2014/artigos/cbeb2014_submission_430.pdf|http://www.canal6.com.br/cbeb/2014/artigos/cbeb2014_submission_430.pdf|
sgXSvOrFX5cJ|A_WEARABLE_REMOTE_PATIENT_MONITORING_SYSTEM_USING_RASPBERRY_PI|A WEARABLE REMOTE PATIENT MONITORING SYSTEM USING RASPBERRY PI|http://ijrise.org/asset/archive/NCPRS17-10.pdf|http://ijrise.org/asset/archive/NCPRS17-10.pdf|
wk7BA8csXLUJ|Developments_in_emerging_digital_health_technologies|Developments in emerging digital health technologies|http://www.deltahedron.co.uk/wp-content/uploads/2017/04/DeltaHedron_Innovation-Insight_Digital-health_No-1.1-17_-April-2017.pdf|http://www.deltahedron.co.uk/wp-content/uploads/2017/04/DeltaHedron_Innovation-Insight_Digital-health_No-1.1-17_-April-2017.pdf|
6g8KSRYIPHcJ|SmartHealth_NDNoT_Named_Data_Network_of_Things_for_Healthcare_Services|SmartHealth-NDNoT: Named Data Network of Things for Healthcare Services.|https://www.researchgate.net/profile/Divya_Saxena/publication/281607254_SmartHealth-NDNoT_Named_Data_Network_of_Things_for_Healthcare_Services/links/55efbd7508ae199d47c02687/SmartHealth-NDNoT-Named-Data-Network-of-Things-for-Healthcare-Services.pdf|https://www.researchgate.net/profile/Divya_Saxena/publication/281607254_SmartHealth-NDNoT_Named_Data_Network_of_Things_for_Healthcare_Services/links/55efbd7508ae199d47c02687/SmartHealth-NDNoT-Named-Data-Network-of-Things-for-Healthcare-Services.pdf|
qmlDZ2n0gv8J|The_rise_in_spending_among_Medicare_beneficiaries_the_role_of_chronic_disease_prevalence_and_changes_in_treatment_intensity|The rise in spending among Medicare beneficiaries: the role of chronic disease prevalence and changes in treatment intensity|http://www.healthaffairs.org/doi/abs/10.1377/hlthaff.25.w378|https://www.healthaffairs.org/doi/full/10.1377/hlthaff.25.w378|
84tD9B6J72QJ|A_Self_Sustainable_Approach_for_IoT_Services_Provisioning|A Self Sustainable Approach for IoT Services Provisioning|https://link.springer.com/chapter/10.1007/978-3-319-30957-6_4||
-GCcR7JkJaQJ|EFFECT_OF_IOT_IN_HEALTHCARE_INDUSTRY|EFFECT OF IOT IN HEALTHCARE INDUSTRY|http://aguijst.com/images/short_pdf/1512400263_Chaitanya_Velankar_12.pdf|http://aguijst.com/images/short_pdf/1512400263_Chaitanya_Velankar_12.pdf|
-WFemzgrusoJ|Evolving_Applications_for_Internet_of_Things|Evolving Applications for Internet of Things|http://csjournals.com/IJCSC/PDF7-2/27.%20Sachin.pdf|http://csjournals.com/IJCSC/PDF7-2/27.%20Sachin.pdf|
-aQWY8ff6C0J|New_inhaler_monitoring_technologies_what_they_do_and_how_they_are_used|New inhaler monitoring technologies: what they do and how they are used|https://ipacrs.org/assets/uploads/outputs/PaulColthorpe_SanteFe2017June.pdf|https://ipacrs.org/assets/uploads/outputs/PaulColthorpe_SanteFe2017June.pdf|
g2nBiUrqWzIJ|A_new_computing_environment_for_collective_privacy_protection_from_constrained_healthcare_devices_to_IoT_cloud_services|A new computing environment for collective privacy protection from constrained healthcare devices to IoT cloud services|https://link.springer.com/article/10.1007/s10586-017-1298-1||
ah1_qTkWgLgJ|IoT_and_Sensor_Networks_Security|IoT and Sensor Networks Security|https://www.sciencedirect.com/science/article/pii/B9780128113738000045||
sWHYW0omTnUJ|Entropy_extraction_from_bio_signals_in_healthcare_IoT|Entropy extraction from bio-signals in healthcare IoT|https://dl.acm.org/citation.cfm?id=2732213||
k-UZKDAmuDkJ|Mining_intelligent_solution_to_compensate_missing_data_context_of_medical_IoT_devices|Mining intelligent solution to compensate missing data context of medical IoT devices|https://link.springer.com/article/10.1007/s00779-017-1106-1||
FQ1Ex596FDQJ|A_blockchain_future_to_Internet_of_Things_security_A_position_paper|A blockchain future to Internet of Things security: A position paper|https://www.sciencedirect.com/science/article/pii/S2352864817302900|https://www.sciencedirect.com/science/article/pii/S2352864817302900|
EDVxIVnCmKIJ|GreenIoT_Architecture_for_Internet_of_Things_Applications|GreenIoT Architecture for Internet of Things Applications|http://www.kpubs.org/article/articleDownload.kpubs?downType=pdf&articleANo=E1KOBZ_2016_v10n2_444|http://www.kpubs.org/article/articleDownload.kpubs?downType=pdf&articleANo=E1KOBZ_2016_v10n2_444|
ldPM7heQg1QJ|An_Overview_of_IoT_and_Healthcare|An Overview of IoT and Healthcare|https://dspace.uevora.pt/rdpc/handle/10174/19998|https://dspace.uevora.pt/rdpc/bitstream/10174/19998/1/jiue2016_paper_12.pdf|
YuyqNlWfvtoJ|From_Data_Integration_to_Big_Data_Integration|From Data Integration to Big Data Integration|https://link.springer.com/chapter/10.1007/978-3-319-61893-7_3||
41ZLXw5TDtQJ|Validity_assessment_of_biometrics_for_the_first_generation_Apple_Watch_and_Microsoft_Band_during_steady_state_exercise|Validity assessment of biometrics for the first-generation Apple Watch and Microsoft Band during steady-state exercise|http://search.proquest.com/openview/6ba8393d48c453bb0beb5c07d4a9c0e8/1?pq-origsite=gscholar&cbl=18750&diss=y||
6CVUzZjWFu4J|M_HEALTH_MOBILE_APP_USABILITY_TESTED_WITH_ENGINEERING_STUDENTS|M-HEALTH MOBILE APP USABILITY TESTED WITH ENGINEERING STUDENTS|https://www.researchgate.net/profile/Fernando_Galisteo/publication/277019555_M-HEALTH_MOBILE_APP_USABILITY_TESTED_WITH_ENGINEERING_STUDENTS/links/5563025808ae8c0cab334a53/M-HEALTH-MOBILE-APP-USABILITY-TESTED-WITH-ENGINEERING-STUDENTS.pdf|https://www.researchgate.net/profile/Fernando_Galisteo/publication/277019555_M-HEALTH_MOBILE_APP_USABILITY_TESTED_WITH_ENGINEERING_STUDENTS/links/5563025808ae8c0cab334a53/M-HEALTH-MOBILE-APP-USABILITY-TESTED-WITH-ENGINEERING-STUDENTS.pdf|
5wkY35GADlkJ|An_automated_telemedicine_system_improves_patient_reported_well_being|An automated telemedicine system improves patient-reported well-being|http://online.liebertpub.com/doi/abs/10.1089/dia.2008.0048|https://www.researchgate.net/profile/Mona_Boaz/publication/24009934_An_Automated_Telemedicine_System_Improves_Patient-Reported_Well-Being/links/0912f50c0aadf201a6000000/An-Automated-Telemedicine-System-Improves-Patient-Reported-Well-Being.pdf|
YykTer0GOL0J|Internet_of_Things_and_Related_Business_Models|Internet of Things and Related Business Models|http://citeseerx.ist.psu.edu/viewdoc/download?doi=10.1.1.395.23&rep=rep1&type=pdf#page=22|http://citeseerx.ist.psu.edu/viewdoc/download?doi=10.1.1.395.23&rep=rep1&type=pdf#page=22|
DTjf3xvdKm4J|Emerging_Applications_Perspective_for_Internet_of_Things|Emerging Applications Perspective for Internet of Things|https://dl.acm.org/citation.cfm?id=2905331||
s1LN4NZINMgJ|A_cyber_training_framework_for_orthopedic_surgery|A cyber training framework for orthopedic surgery|https://www.cogentoa.com/article/10.1080/2331205X.2017.1419792|https://www.cogentoa.com/article/10.1080/2331205X.2017.1419792|
SGRwcEnQgygJ|ОСНОВНЫЕ_НАПРАВЛЕНИЯ_РАЗВИТИЯ_ИНТЕРНЕТ_ТЕХНОЛОГИЙ_В_ЗДРАВООХРАНЕНИИ_СИСТЕМАТИЧЕСКИЙ_ОБЗОР|ОСНОВНЫЕ НАПРАВЛЕНИЯ РАЗВИТИЯ ИНТЕРНЕТ ТЕХНОЛОГИЙ В ЗДРАВООХРАНЕНИИ (СИСТЕМАТИЧЕСКИЙ ОБЗОР)|https://cyberleninka.ru/article/n/osnovnye-napravleniya-razvitiya-internet-tehnologiy-v-zdravoohranenii-sistematicheskiy-obzor|https://cyberleninka.ru/article/n/osnovnye-napravleniya-razvitiya-internet-tehnologiy-v-zdravoohranenii-sistematicheskiy-obzor|
lQXykcR4CK4J|Future_Application_Trends_for_Health_based_Internet_of_Things|Future Application Trends for Health based Internet of Things|http://search.proquest.com/openview/c63e6262faae8a00d19017d26feeb9bc/1?pq-origsite=gscholar&cbl=136216|https://pdfs.semanticscholar.org/8b3a/de8863e6546fdba6ce8f2e12402d7cb625e6.pdf|
sRYO33mwOHsJ|DOC_DOC_Nesnelerin_Interneti_algilayici_aglari_ve_medya|[DOC][DOC] Nesnelerin Interneti, algılayıcı ağları ve medya|http://ab.org.tr/ab15/bildiri/113.doc|http://ab.org.tr/ab15/bildiri/113.doc|
z7MCvbD8GeMJ|The_internet_of_things_technologies_in_teaching_learning_and_basic_education_management|The internet of things technologies in teaching, learning and basic education management|http://researchspace.csir.co.za/dspace/handle/10204/6017|http://researchspace.csir.co.za/dspace/bitstream/handle/10204/6017/Dlodlo3_2012.pdf?sequence=1|
ssxt6c6wmo4J|Development_of_Wi_Fi_based_home_energy_monitoring_system_for_green_internet_of_things|Development of Wi-Fi based home energy monitoring system for green internet of things|http://irep.iium.edu.my/53168/1/249-25676057.pdf|http://irep.iium.edu.my/53168/1/249-25676057.pdf|
nWsRmQGZCI4J|Effects_of_exercise_intervention_in_breast_cancer_patients_is_mobile_health_mHealth_with_pedometer_more_effective_than_conventional_program_using_brochure|Effects of exercise intervention in breast cancer patients: is mobile health (mHealth) with pedometer more effective than conventional program using brochure?|https://link.springer.com/article/10.1007/s10549-016-4065-8||
MjursWKcC2YJ|IoT_based_asset_management_system_for_healthcare_related_industries|IoT-based asset management system for healthcare-related industries|http://journals.sagepub.com/doi/abs/10.5772/61821|http://journals.sagepub.com/doi/full/10.5772/61821|
5jn8TW6GeGsJ|Designing_for_Reuse_in_an_Industrial_Internet_of_Things_Monitoring_Application|Designing for Reuse in an Industrial Internet of Things Monitoring Application|https://dl.acm.org/citation.cfm?id=3098323||
aR_ewUGQ5qwJ|Adaptive_Filtering_Technique_for_Chronic_Wound_Analysis_under_Tele_Wound_Network|Adaptive Filtering Technique for Chronic Wound Analysis under Tele-Wound Network|http://www.riverpublishers.com/journal_read_html_article.php?j=JCONASENSE/2016/1/5|http://www.riverpublishers.com/journal_read_html_article.php?j=JCONASENSE/2016/1/5|
Y79DGgZerM4J|A_Framework_For_Integration_of_A_Patients_Body_Area_Network_With_Iot|A Framework For Integration of A Patients' Body Area Network With Iot|https://pdfs.semanticscholar.org/99bf/c851f971494da499add9c83daf12ccf8c449.pdf|https://pdfs.semanticscholar.org/99bf/c851f971494da499add9c83daf12ccf8c449.pdf|
gFZ-8ucaUDcJ|A_Framework_for_Marketing_IoT_Based_Innovations_to_the_Next_Billion|A Framework for Marketing IoT-Based Innovations to the Next Billion|http://search.proquest.com/openview/c90a30745435909f9fd803fe1615db8e/1?pq-origsite=gscholar&cbl=396494|https://www.researchgate.net/profile/Francesca_Cesaroni/publication/308606224_She_is_the_Founder_Who_is_the_Emotional_Leader/links/57e7f02d08ae9e5e4558be5e/She-is-the-Founder-Who-is-the-Emotional-Leader.pdf#page=688|
99_j6WeWKcoJ|Effective_ways_to_use_Internet_of_Things_in_the_field_of_medical_and_smart_health_care|Effective ways to use Internet of Things in the field of medical and smart health care|http://ieeexplore.ieee.org/abstract/document/7475151/|http://www.ieeeprojectsmadurai.com/2015-16%20IEEE%20PAPERS/embedded/Effective%20Ways%20to%20Use%20Internet%20of%20Things%20in%20the%20field%20of%20medical%20and%20Smart%20Health%20care.pdf|
41cuvxTdPooJ|Transforming_blood_supply_chain_management_with_Internet_of_things_paradigm|Transforming blood supply chain management with Internet of things paradigm|https://tubdok.tub.tuhh.de/handle/11420/1454|https://tubdok.tub.tuhh.de/bitstream/11420/1454/1/boonyanusith_jittamai_blood_supply_chain_hicl_2017.pdf|
0xhT3EA4610J|A_real_time_monitoring_system_for_Hospital_Acquired_Infection_prevention_Sistem_de_monitorizare_in_timp_real_pentru_prevenirea_infectiilor_intraspitaliceṣti|A real-time monitoring system for Hospital Acquired Infection prevention (Sistem de monitorizare în timp real pentru prevenirea infecţiilor intraspitaliceṣti)|http://graphics.cs.pub.ro/theses/phd/2016/zaid.shhedi/Thesis%20Zaid%20Shhedi.pdf|http://graphics.cs.pub.ro/theses/phd/2016/zaid.shhedi/Thesis%20Zaid%20Shhedi.pdf|
SPcYQkKifT4J|Internet_of_things|Internet of things|https://dspace.lib.uom.gr/handle/2159/20157|https://dspace.lib.uom.gr/bitstream/2159/20157/4/PapastathopoulouAlexandraMsc2017.pdf|
qYm-YQvT_t0J|NOISE_AS_SIGNAL_IN_LEARNING_FROM_RARE_EVENTS|NOISE AS SIGNAL IN LEARNING FROM RARE EVENTS|https://www.researchgate.net/profile/David_Maslach/publication/319881146_NOISE_AS_SIGNAL_IN_LEARNING_FROM_RARE_EVENTS/links/59c015fcaca272aff2e205ee/NOISE-AS-SIGNAL-IN-LEARNING-FROM-RARE-EVENTS.pdf|https://www.researchgate.net/profile/David_Maslach/publication/319881146_NOISE_AS_SIGNAL_IN_LEARNING_FROM_RARE_EVENTS/links/59c015fcaca272aff2e205ee/NOISE-AS-SIGNAL-IN-LEARNING-FROM-RARE-EVENTS.pdf|
1cidBafVHccJ|Towards_an_Acceptance_Testing_Approach_for_Internet_of_Things_Systems|Towards an Acceptance Testing Approach for Internet of Things Systems|https://pdfs.semanticscholar.org/d2cc/e989833c1b30976ceda99e8d2bacbfd8b712.pdf|https://pdfs.semanticscholar.org/d2cc/e989833c1b30976ceda99e8d2bacbfd8b712.pdf|
MnUkaZ-zqY0J|IoT_based_Remote_Patient_Monitoring_System|IoT based Remote Patient Monitoring System|http://maskpublication.com/IJCNE_Files/MP0217FEB002.pdf|http://maskpublication.com/IJCNE_Files/MP0217FEB002.pdf|
vtSk1oBmev8J|Analysis_of_requirements_for_developing_an_mHealth_based_health_management_platform|Analysis of requirements for developing an mHealth-based health management platform|https://www.ncbi.nlm.nih.gov/pmc/articles/PMC5561389/|https://www.ncbi.nlm.nih.gov/pmc/articles/PMC5561389/|
t7Qup9mtT0sJ|One_pass_anonymous_key_distribution_in_batch_for_secure_real_time_mobile_services|One-pass anonymous key distribution in batch for secure real-time mobile services|http://ieeexplore.ieee.org/abstract/document/7226685/||
Bg0-T0USLrIJ|The_internet_of_things_for_health_care_a_comprehensive_survey|The internet of things for health care: a comprehensive survey|http://ieeexplore.ieee.org/abstract/document/7113786/|http://ieeexplore.ieee.org/iel7/6287639/7042252/07113786.pdf|
WisljXQ4xGgJ|Sistemas_mHealth_para_la_adquisicion_de_senales_EEG|Sistemas mHealth para la adquisición de señales EEG|https://pdfs.semanticscholar.org/7741/1da55dbabc3d2adf732de9e51dab5cd9e658.pdf|https://pdfs.semanticscholar.org/7741/1da55dbabc3d2adf732de9e51dab5cd9e658.pdf|
0Me3PAVXeEQJ|Integrating_internet_of_things_and_ehealth_solutions_for_students_healthcare|Integrating internet of things and ehealth solutions for students' healthcare|http://eprints.covenantuniversity.edu.ng/7009/|http://eprints.covenantuniversity.edu.ng/7009/1/WCE2015_pp265-268.pdf|
QSuXVJ6R9fAJ|Tracking_the_Evolution_of_the_Internet_of_Things_Concept_Across_Different_Application_Domains|Tracking the Evolution of the Internet of Things Concept Across Different Application Domains|http://www.mdpi.com/1424-8220/17/6/1379/htm|http://www.mdpi.com/1424-8220/17/6/1379/htm|
Z7IGU1dSsQMJ|DELIBERATION_AND_EXERTION_OF_WIRELESS_BODY_AREA_NETWORKS_FOR_EXCLUSIVE_HEALTH_CARE_SUPERVISION_OVER_IOT|DELIBERATION AND EXERTION OF WIRELESS BODY AREA NETWORKS FOR EXCLUSIVE HEALTH CARE SUPERVISION OVER IOT|http://data.conferenceworld.in/ESM/P328-344.pdf|http://data.conferenceworld.in/ESM/P328-344.pdf|
tQ9zXzNthcoJ|An_energy_efficient_sensor_for_thyroid_monitoring_through_the_IoT|An energy efficient sensor for thyroid monitoring through the IoT|http://ieeexplore.ieee.org/abstract/document/7463377/|https://pdfs.semanticscholar.org/a8c1/eac14fbf555dc325a8d7d8d7b9a49551698a.pdf|
xdGJdxHLSZkJ|Raspberry_Pi_Based_Patient_Health_Status_Observing_Method_Using_Internet_of_Things|Raspberry Pi Based Patient Health Status Observing Method Using Internet of Things”|https://pdfs.semanticscholar.org/b0fc/acbdb142c948394d487ce8c113a158f5ec5e.pdf|https://pdfs.semanticscholar.org/b0fc/acbdb142c948394d487ce8c113a158f5ec5e.pdf|
nADSRw2PCB4J|The_internet_of_things_in_healthcare_An_overview|The internet of things in healthcare: An overview|https://www.sciencedirect.com/science/article/pii/S2452414X16000066||
0K38y0dVnroJ|Wireless_Optogenetic_Nanonetworks_for_Brain_Stimulation_Device_Model_and_Charging_Protocols|Wireless Optogenetic Nanonetworks for Brain Stimulation: Device Model and Charging Protocols|http://ieeexplore.ieee.org/abstract/document/8222962/||
0D2uNx6Dj5IJ|Disruption_of_things_a_model_to_facilitate_adoption_of_IoT_based_innovations_by_the_urban_poor|Disruption of things: a model to facilitate adoption of IoT-based innovations by the urban poor|https://www.sciencedirect.com/science/article/pii/S1877705816323074|https://www.sciencedirect.com/science/article/pii/S1877705816323074/pdf?md5=92c0fbb7b3810f675fe9d5d81cb996fc&pid=1-s2.0-S1877705816323074-main.pdf&_valck=1|
iBon2GixVU8J|A_survey_on_Internet_of_Things_architectures|A survey on Internet of Things architectures|https://www.sciencedirect.com/science/article/pii/S1319157816300799|https://www.sciencedirect.com/science/article/pii/S1319157816300799|
ENmmxhS7G74J|Health_Internet_of_Things_Metrics_and_methods_for_efficient_data_transfer|Health Internet of Things: Metrics and methods for efficient data transfer|https://www.sciencedirect.com/science/article/pii/S1569190X12001232|http://www.academia.edu/download/46620433/j.simpat.2012.08.00220160619-7611-g36x93.pdf|
jgDFny7X7JgJ|On_the_design_of_an_energy_harvesting_protocol_stack_for_Body_Area_Nano_NETworks|On the design of an energy-harvesting protocol stack for Body Area Nano-NETworks|https://www.sciencedirect.com/science/article/pii/S1878778914000325|https://telematics.poliba.it/publications/2015/PiroNCN.pdf|
LOtkrOWCZGsJ|An_efficient_network_coding_based_fault_tolerant_mechanism_in_WBAN_for_smart_healthcare_monitoring_systems|An efficient network coding-based fault-tolerant mechanism in WBAN for smart healthcare monitoring systems|http://www.mdpi.com/2076-3417/7/8/817htm|http://www.mdpi.com/2076-3417/7/8/817htm|
XgAF0rcz7LkJ|Everything_You_Wanted_to_Know_about_Smart_Health_Care_Evaluating_the_Different_Technologies_and_Components_of_the_Internet_of_Things_for_Better_Health|Everything You Wanted to Know about Smart Health Care: Evaluating the Different Technologies and Components of the Internet of Things for Better Health|http://ieeexplore.ieee.org/abstract/document/8197457/||
tSdoKjyZF9IJ|Proposta_de_modelo_de_gestao_de_confianca_para_internet_das_coisas_medicas|Proposta de modelo de gestão de confiança para internet das coisas médicas|http://repositorio.utfpr.edu.br:8080/jspui/handle/1/2542|http://repositorio.utfpr.edu.br:8080/jspui/bitstream/1/2542/1/CT_CPGEI_M_Brittes%2C%20Marisangela%20Pacheco_2016.pdf|
kR6YcuPbAqoJ|mHealth_technologies_for_chronic_diseases_and_elders_a_systematic_review|mHealth technologies for chronic diseases and elders: a systematic review|http://ieeexplore.ieee.org/abstract/document/6585877/|http://ro.uow.edu.au/cgi/viewcontent.cgi?article=1251&context=buspapers|
DsptQE9Oz9YJ|Evolucion_del_proceso_educativo_bajo_el_paradigma_del_internet_de_las_cosas|Evolución del proceso educativo bajo el paradigma del internet de las cosas.|http://www.revistamdi.uam.mx/archivos_rmdi/RMDI%2014-2.pdf#page=9|http://www.revistamdi.uam.mx/archivos_rmdi/RMDI%2014-2.pdf#page=9|
0urb4xsdjFkJ|Experimental_evaluation_of_impulsive_ultrasonic_intra_body_communications_for_implantable_biomedical_devices|Experimental evaluation of impulsive ultrasonic intra-body communications for implantable biomedical devices|http://ieeexplore.ieee.org/abstract/document/7463487/|https://pdfs.semanticscholar.org/646e/ae61ab9cc3f8fb0012597a01343c3fdc4924.pdf|
BFnwzTR3mV4J|BOOK_B_A_DIY_Guide_to_Telemedicine_for_Clinicians|[BOOK][B] A DIY Guide to Telemedicine for Clinicians|https://link.springer.com/content/pdf/10.1007/978-981-10-5305-4.pdf||
eXVfTRu7J7AJ|Internet_of_Things_based_e_health_systems_ideas_expectations_and_concerns|Internet of Things based e-health systems: ideas, expectations and concerns|https://link.springer.com/chapter/10.1007/978-3-319-58280-1_10||
xYqo-qejzDoJ|Use_of_hierarchical_decision_modeling_to_select_target_markets_for_a_new_personal_healthcare_device|Use of hierarchical decision modeling to select target markets for a new personal healthcare device|http://www.healthpolicyandtechnology.org/article/S2211-8837(15)00091-X/abstract||
qSLd6T92MnEJ|Potential_applications_of_the_internet_of_things_technologies_for_South_Africa_s_health_services|Potential applications of the internet of things technologies for South Africa's health services|https://pdfs.semanticscholar.org/9395/a5285f69880e0ac1b16f74ae8ab1e361f133.pdf|https://pdfs.semanticscholar.org/9395/a5285f69880e0ac1b16f74ae8ab1e361f133.pdf|
HNdM3Ml29osJ|Digital_health_revolution_perfect_storm_or_perfect_opportunity_for_pharmaceutical_R_D|Digital health revolution: perfect storm or perfect opportunity for pharmaceutical R&D?|https://www.sciencedirect.com/science/article/pii/S1359644616000301||
FGML4iEL2VUJ|Contextual_sensing_Integrating_contextual_information_with_human_and_technical_geo_sensor_information_for_smart_cities|Contextual sensing: Integrating contextual information with human and technical geo-sensor information for smart cities|http://www.mdpi.com/1424-8220/15/7/17013|http://www.mdpi.com/1424-8220/15/7/17013htm|
9jTgGdFAvRkJ|KW_Campus_Salud_RRHH_Aplicaciones|KW Campus| Salud| RRHH| Aplicaciones|http://kwaas.org/healthstudio/mod/glossary/print.php?id=169&mode=&hook=ALL&sortkey=&sortorder=&offset=0|http://kwaas.org/healthstudio/mod/glossary/print.php?id=169&mode=&hook=ALL&sortkey=&sortorder=&offset=0|
_Y-gQu22mEAJ|SESSION_3_INNOVATING_BEYOND_GLUCOSE_CONTROL_IN_DIABETES_CARE|SESSION 3: INNOVATING BEYOND GLUCOSE CONTROL IN DIABETES CARE|http://emjreviews.com/wp-content/uploads/2017/10/Session-3...1.pdf|http://emjreviews.com/wp-content/uploads/2017/10/Session-3...1.pdf|
4VtWKHLurA4J|Telecommunication_integration_in_e_healthcare_technologies_applications_and_challenges|Telecommunication integration in e‐healthcare: technologies, applications and challenges|http://onlinelibrary.wiley.com/doi/10.1002/ett.3025/full||
bQTaWyM0MvIJ|A_differential_electrochemical_readout_ASIC_with_heterogeneous_integration_of_bio_nano_sensors_for_amperometric_sensing|A differential electrochemical readout ASIC with heterogeneous integration of bio-nano sensors for amperometric sensing|http://ieeexplore.ieee.org/abstract/document/8025834/||
uXjYQ7pqa8UJ|User_preference_for_an_IoT_healthcare_application_for_lifestyle_disease_management|User preference for an IoT healthcare application for lifestyle disease management|https://www.sciencedirect.com/science/article/pii/S030859611730109X||
lerUGjHFJGYJ|EL_INTERNET_DE_LAS_COSAS_Y_EL_DISENO_DEL_FUTURO_THE_INTERNET_OF_THINGS_AND_THE_FUTURE_DESIGN|EL INTERNET DE LAS COSAS Y EL DISEÑO DEL FUTURO THE INTERNET OF THINGS AND THE FUTURE DESIGN|http://www.academia.edu/download/35105849/El_Internet_de_las_Cosas_y_el_Diseno_del_Fut_uro-1.pdf|http://www.academia.edu/download/35105849/El_Internet_de_las_Cosas_y_el_Diseno_del_Fut_uro-1.pdf|
rVsI-Xl28mgJ|An_IoT_Reader_for_Wireless_Passive_Electromagnetic_Sensors|An IoT Reader for Wireless Passive Electromagnetic Sensors|http://www.mdpi.com/1424-8220/17/4/693htm|http://www.mdpi.com/1424-8220/17/4/693htm|
Whky60YCizEJ|Smart_Devices_and_Criminal_Investigations_Protecting_Suspects_Privacy_and_Fourth_Amendment_Rights|Smart Devices and Criminal Investigations: Protecting Suspects' Privacy and Fourth Amendment Rights|https://papers.ssrn.com/sol3/papers.cfm?abstract_id=3028119||
ncHCyEegafQJ|Fog_Computing_in_Healthcare_A_Review_and_Discussion|Fog Computing in Healthcare–A Review and Discussion|http://ieeexplore.ieee.org/abstract/document/7927714/|http://ieeexplore.ieee.org/iel7/6287639/7859429/07927714.pdf|
t23SMEM-gmcJ|Privacy_enhanced_cloud_based_recommendation_service_for_implicit_discovery_of_relevant_support_groups_in_healthcare_social_networks|Privacy enhanced cloud-based recommendation service for implicit discovery of relevant support groups in healthcare social networks|https://www.igi-global.com/article/privacy-enhanced-cloud-based-recommendation-service-for-implicit-discovery-of-relevant-support-groups-in-healthcare-social-networks/181038||
cIgd2jiGAQMJ|Standard_based_and_distributed_health_information_sharing_for_mHealth_IoT_systems|Standard-based and distributed health information sharing for mHealth IoT systems|http://ieeexplore.ieee.org/abstract/document/7001820/|http://ai2-s2-pdfs.s3.amazonaws.com/67c6/ae4436d491dd0e80970d8652e730a7792cf2.pdf|
QNd3vv9SdecJ|Mobile_health_m_health_system_in_the_context_of_IoT|Mobile health (m-health) system in the context of IoT|http://ieeexplore.ieee.org/abstract/document/7592698/||
bQTaWyM0MvIJ|A_differential_electrochemical_readout_ASIC_with_heterogeneous_integration_of_bio_nano_sensors_for_amperometric_sensing|A differential electrochemical readout ASIC with heterogeneous integration of bio-nano sensors for amperometric sensing|http://ieeexplore.ieee.org/abstract/document/8025834/||
uXjYQ7pqa8UJ|User_preference_for_an_IoT_healthcare_application_for_lifestyle_disease_management|User preference for an IoT healthcare application for lifestyle disease management|https://www.sciencedirect.com/science/article/pii/S030859611730109X||
lerUGjHFJGYJ|EL_INTERNET_DE_LAS_COSAS_Y_EL_DISENO_DEL_FUTURO_THE_INTERNET_OF_THINGS_AND_THE_FUTURE_DESIGN|EL INTERNET DE LAS COSAS Y EL DISEÑO DEL FUTURO THE INTERNET OF THINGS AND THE FUTURE DESIGN|http://www.academia.edu/download/35105849/El_Internet_de_las_Cosas_y_el_Diseno_del_Fut_uro-1.pdf|http://www.academia.edu/download/35105849/El_Internet_de_las_Cosas_y_el_Diseno_del_Fut_uro-1.pdf|
rVsI-Xl28mgJ|An_IoT_Reader_for_Wireless_Passive_Electromagnetic_Sensors|An IoT Reader for Wireless Passive Electromagnetic Sensors|http://www.mdpi.com/1424-8220/17/4/693htm|http://www.mdpi.com/1424-8220/17/4/693htm|
Whky60YCizEJ|Smart_Devices_and_Criminal_Investigations_Protecting_Suspects_Privacy_and_Fourth_Amendment_Rights|Smart Devices and Criminal Investigations: Protecting Suspects' Privacy and Fourth Amendment Rights|https://papers.ssrn.com/sol3/papers.cfm?abstract_id=3028119||
ncHCyEegafQJ|Fog_Computing_in_Healthcare_A_Review_and_Discussion|Fog Computing in Healthcare–A Review and Discussion|http://ieeexplore.ieee.org/abstract/document/7927714/|http://ieeexplore.ieee.org/iel7/6287639/7859429/07927714.pdf|
t23SMEM-gmcJ|Privacy_enhanced_cloud_based_recommendation_service_for_implicit_discovery_of_relevant_support_groups_in_healthcare_social_networks|Privacy enhanced cloud-based recommendation service for implicit discovery of relevant support groups in healthcare social networks|https://www.igi-global.com/article/privacy-enhanced-cloud-based-recommendation-service-for-implicit-discovery-of-relevant-support-groups-in-healthcare-social-networks/181038||
cIgd2jiGAQMJ|Standard_based_and_distributed_health_information_sharing_for_mHealth_IoT_systems|Standard-based and distributed health information sharing for mHealth IoT systems|http://ieeexplore.ieee.org/abstract/document/7001820/|http://ai2-s2-pdfs.s3.amazonaws.com/67c6/ae4436d491dd0e80970d8652e730a7792cf2.pdf|
QNd3vv9SdecJ|Mobile_health_m_health_system_in_the_context_of_IoT|Mobile health (m-health) system in the context of IoT|http://ieeexplore.ieee.org/abstract/document/7592698/||
W5sDXwcIRWAJ|IoT_aided_robotics_applications_Technological_implications_target_domains_and_open_issues|IoT-aided robotics applications: Technological implications, target domains and open issues|https://www.sciencedirect.com/science/article/pii/S0140366414002783|https://telematics.poliba.it/publications/2014/GriecoComCom2014.pdf|
k1rPMHnIJiAJ|Wade_Trappe|Wade Trappe|https://www.wadetrappe.com/s/CV_WadeTrappe.pdf|https://www.wadetrappe.com/s/CV_WadeTrappe.pdf|
h3YsCuodyjwJ|Monitoring_Children_and_Elderly_Using_a_WBAN|Monitoring Children and Elderly Using a WBAN|https://www.ijcit.com/archives/volume7/issue1/IJCIT070102.pdf|https://www.ijcit.com/archives/volume7/issue1/IJCIT070102.pdf|
_QF0zE4hqogJ|Internet_of_things_A_review_on_technologies_architecture_challenges_applications_future_trends|Internet of things: A review on technologies, architecture, challenges, applications, future trends|http://search.proquest.com/openview/b7a212ada33619e9845712e75133c26e/1?pq-origsite=gscholar&cbl=2026671|http://www.mecs-press.org/ijcnis/ijcnis-v9-n4/IJCNIS-V9-N4-7.pdf|
r_Q9s5KxhIEJ|Enabling_the_IoT_paradigm_in_e_health_solutions_through_the_VIRTUS_middleware|Enabling the IoT paradigm in e-health solutions through the VIRTUS middleware|http://ieeexplore.ieee.org/abstract/document/6296229/||
D9loREjbq5kJ|Reliability_of_IoT_Aware_BPMN_Healthcare_Processes|Reliability of IoT-Aware BPMN Healthcare Processes|https://books.google.com/books?hl=en&lr=&id=4pFXDQAAQBAJ&oi=fnd&pg=PA214&dq=%22Internet+of+Medical+Things%22+OR+%22Internet+of+healthcare+things%22+OR+%22Internet+of+M-health+Things%22&ots=xXB2_ojTIm&sig=NDu4pF27xu9v93RGLZTx4QkXDlU||
PryPzb5fjEQJ|Autonomic_Fall_Detection_System|Autonomic Fall Detection System|http://ieeexplore.ieee.org/abstract/document/8064118/||
jPG_RfjWREEJ|A_dual_level_analysis_of_the_capability_development_process_A_case_study_of_TT_T|A dual‐level analysis of the capability development process: A case study of TT&T|http://onlinelibrary.wiley.com/doi/10.1002/asi.20384/full||
WOAK7w0ATAAJ|Intelligent_mobile_wearable_and_ambient_technologies_for_behavioral_health_care|Intelligent mobile, wearable, and ambient technologies for behavioral health care|https://www.sciencedirect.com/science/article/pii/B9780124202481000064||
GwRLX2h0GBgJ|Research_directions_in_cloud_based_decision_support_systems_for_health_monitoring_using_Internet_of_Things_driven_data_acquisition|Research directions in cloud-based decision support systems for health monitoring using Internet-of-Things driven data acquisition|https://www.researchgate.net/profile/Tolga_Soyata/publication/303677960_Research_Directions_in_Cloud-Based_Decision_Support_Systems_for_Health_Monitoring_Using_Internet-of-Things_Driven_Data_Acquisition/links/574c8ed608aec9885269f4a1/Research-Directions-in-Cloud-Based-Decision-Support-Systems-for-Health-Monitoring-Using-Internet-of-Things-Driven-Data-Acquisition.pdf?origin=publication_detail&ev=pub_int_prw_xdl&msrp=GBuKPogz5f2uclKi_3uINx_tph3KBSjushOtdT8K3C0Hpo3v645nw8Wnr2ZzoulWBL2IjDdhDEmZwzD_yIoYt-vsqNcfh7xeotCmAJPKKIjDyay3AYOP6pV9.nbPoEED4VW-q9j1U-8Sn39Y0F8dE6UriuycMkMNeXZYZYId1j99HsOTpxlrweawjboAxbhMo64glphld1ccLWD3FJH6ZsGy_zJ1Bsw.KYdJCnCn5pQQ3R9JNinrfLRQqr9FZS4MDvEDcdKAeK09IyGpnLo_GoPjHWIULWdJi6Tq5wR9YqsiP6WeMPyDsgbXdTPZbKNIdzc6Hg.t115aeU71vgdjPrvJDKIsv0wi2ihor7p7z_pqhe8DEy7fkT3gVD-B7NYv2OiQqpV-k78hxcGyg98KuMFcql6PzKxFWEHZaP3qCtqUg|https://www.researchgate.net/profile/Tolga_Soyata/publication/303677960_Research_Directions_in_Cloud-Based_Decision_Support_Systems_for_Health_Monitoring_Using_Internet-of-Things_Driven_Data_Acquisition/links/574c8ed608aec9885269f4a1/Research-Directions-in-Cloud-Based-Decision-Support-Systems-for-Health-Monitoring-Using-Internet-of-Things-Driven-Data-Acquisition.pdf?origin=publication_detail&ev=pub_int_prw_xdl&msrp=GBuKPogz5f2uclKi_3uINx_tph3KBSjushOtdT8K3C0Hpo3v645nw8Wnr2ZzoulWBL2IjDdhDEmZwzD_yIoYt-vsqNcfh7xeotCmAJPKKIjDyay3AYOP6pV9.nbPoEED4VW-q9j1U-8Sn39Y0F8dE6UriuycMkMNeXZYZYId1j99HsOTpxlrweawjboAxbhMo64glphld1ccLWD3FJH6ZsGy_zJ1Bsw.KYdJCnCn5pQQ3R9JNinrfLRQqr9FZS4MDvEDcdKAeK09IyGpnLo_GoPjHWIULWdJi6Tq5wR9YqsiP6WeMPyDsgbXdTPZbKNIdzc6Hg.t115aeU71vgdjPrvJDKIsv0wi2ihor7p7z_pqhe8DEy7fkT3gVD-B7NYv2OiQqpV-k78hxcGyg98KuMFcql6PzKxFWEHZaP3qCtqUg|
jfRaaZflOBAJ|IoT_based_health_monitoring_via_LoRaWAN|IoT-based health monitoring via LoRaWAN|http://ieeexplore.ieee.org/abstract/document/8011165/||
ngRwYkhbvHUJ|FEDERAL_CLOUD_DATA_CENTER_SUMMIT|FEDERAL CLOUD & DATA CENTER SUMMIT|https://www.atarc.org/wp-content/uploads/2017/09/MITRE-ATARC-Cloud-Computing-White-Paper-2017-08-03.pdf|https://www.atarc.org/wp-content/uploads/2017/09/MITRE-ATARC-Cloud-Computing-White-Paper-2017-08-03.pdf|
iwIPq9S9TrYJ|Routing_and_sensor_searach_in_the_internet_of_things|Routing and sensor searach in the internet of things.|http://www.zhb.uni-luebeck.de/epubs/ediss1361.pdf|http://www.zhb.uni-luebeck.de/epubs/ediss1361.pdf|
WZ9kiCCZjJEJ|Data_aggregation_mechanisms_in_the_Internet_of_things_A_systematic_review_of_the_literature_and_recommendations_for_future_research|Data aggregation mechanisms in the Internet of things: A systematic review of the literature and recommendations for future research|https://www.sciencedirect.com/science/article/pii/S1084804517302692|https://www.researchgate.net/profile/Behrouz_Pourghebleh/publication/319283535_Data_aggregation_mechanisms_in_the_Internet_of_things_A_systematic_review_of_the_literature_and_recommendations_for_future_research/links/59fa12630f7e9b61546e600b/Data-aggregation-mechanisms-in-the-Internet-of-things-A-systematic-review-of-the-literature-and-recommendations-for-future-research.pdf|
XdCVUr2EPxIJ|Secure_and_efficient_e_health_scheme_based_on_the_Internet_of_Things|Secure and efficient e-health scheme based on the Internet of Things|http://ieeexplore.ieee.org/abstract/document/7753621/||
NF5p4EgCON4J|تأثیر_به_کارگیری_اینترنت_اشیاء_بر_عملکرد_سازمانی_حوزه_سلامت_مطالعه_موردی_بیمارستان_شهید_رجائی_تهران|تأثیر به کارگیری اینترنت اشیاء بر عملکرد سازمانی حوزه سلامت (مطالعه موردی: بیمارستان شهید رجائی تهران)‎|http://jhm.srbiau.ac.ir/article_10865_0.html|http://jhm.srbiau.ac.ir/article_10865_7ceb7521b82343ee3cbc78118d2689be.pdf|
PxJbj2_bMhUJ|WSN_based_IoT_Healthcare_Application_Challenges_and_Solution_A_Comprehensive_Review|WSN based IoT Healthcare Application, Challenges and Solution: A Comprehensive Review|https://www.ijcit.com/archives/volume6/issue5/Paper060501.pdf|https://www.ijcit.com/archives/volume6/issue5/Paper060501.pdf|
corI4hpj9fYJ|Health_care_monitoring_system_in_Internet_of_Things_IoT_by_using_RFID|Health care monitoring system in Internet of Things (IoT) by using RFID|http://ieeexplore.ieee.org/abstract/document/7917920/||
x1B-zV-_1-cJ|An_Energy_Conserving_Routing_Scheme_for_Wireless_Body_Sensor_Nanonetwork_Communication|An Energy Conserving Routing Scheme for Wireless Body Sensor Nanonetwork Communication|http://ieeexplore.ieee.org/abstract/document/8252686/|http://ieeexplore.ieee.org/iel7/6287639/6514899/08252686.pdf|
JyGiPyBI3uEJ|Privacy_aware_group_based_recommender_system_in_multimedia_services|Privacy aware group based recommender system in multimedia services|https://link.springer.com/article/10.1007/s11042-017-4950-0||
Hyn1sGgs-1gJ|Sensor_Antenna_Interface_IC_for_Implantable_Biomedical_Monitoring_System|Sensor/Antenna Interface IC for Implantable Biomedical Monitoring System|http://ieeexplore.ieee.org/abstract/document/8061037/||
t67u34Hd0uYJ|An_IoT_Aware_Architecture_for_Collecting_and_Managing_Data_Related_to_Elderly_Behavior|An IoT-Aware Architecture for Collecting and Managing Data Related to Elderly Behavior|https://www.hindawi.com/journals/wcmc/2017/5051915/abs/|http://downloads.hindawi.com/journals/wcmc/2017/5051915.pdf|
9WP-ZccN1UUJ|Towards_fog_driven_IoT_eHealth_Promises_and_challenges_of_IoT_in_medicine_and_healthcare|Towards fog-driven IoT eHealth: Promises and challenges of IoT in medicine and healthcare|https://www.sciencedirect.com/science/article/pii/S0167739X17307677||
W5tSvKizHyAJ|KW_Foundation_Campus|KW Foundation| Campus|http://tngconsultores.com/kw/mod/glossary/print.php?id=370&offset=150&sortkey=FIRSTNAME&mode=author&hook=S&lang=en|http://tngconsultores.com/kw/mod/glossary/print.php?id=370&offset=150&sortkey=FIRSTNAME&mode=author&hook=S&lang=en|
G9tKRTLsDCYJ|Neglecting_human_rights_accountability_data_and_Sustainable_Development_Goal_3|Neglecting human rights: accountability, data and Sustainable Development Goal 3|http://www.tandfonline.com/doi/abs/10.1080/13642987.2017.1348706||
jlfcSIr6XlMJ|BOOK_B_The_shaping_of_ambient_intelligence_and_the_internet_of_things_historico_epistemic_socio_cultural_politico_institutional_and_eco_environmental_dimensions|[BOOK][B] The shaping of ambient intelligence and the internet of things: historico-epistemic, socio-cultural, politico-institutional and eco-environmental dimensions|https://books.google.com/books?hl=en&lr=&id=YdjjCgAAQBAJ&oi=fnd&pg=PR7&dq=%22Internet+of+Medical+Things%22+OR+%22Internet+of+healthcare+things%22+OR+%22Internet+of+M-health+Things%22&ots=CIOLM-T1x3&sig=w6z5PcC3aPbAA8Grf3HJdP3yv_8||
OzTgTOz6yb4J|KW_Foundation_Campus|KW Foundation| Campus|http://tngconsultores.com/kw/mod/glossary/view.php?id=370&mode=date&hook=&sortkey=UPDATE&sortorder=desc&fullsearch=0&page=-1|http://tngconsultores.com/kw/mod/glossary/view.php?id=370&mode=date&hook=&sortkey=UPDATE&sortorder=desc&fullsearch=0&page=-1|
LfW7mQyF0ncJ|Smart_devices_and_environments|Smart devices and environments|http://www.academia.edu/download/37676355/submission.pdf|http://www.academia.edu/download/37676355/submission.pdf|
kywv0g0OlAgJ|BOOK_B_The_Shaping_of_Ambient_Intelligence_and_the_Internet_of_Things|[BOOK][B] The Shaping of Ambient Intelligence and the Internet of Things|https://link.springer.com/content/pdf/10.2991/978-94-6239-142-0.pdf||
nwjUyYVPgcIJ|Graphene_Sensing_Modulator_Toward_Low_Noise_Self_Powered_Wireless_Microsensors|Graphene Sensing Modulator: Toward Low-Noise, Self-Powered Wireless Microsensors|http://ieeexplore.ieee.org/document/8008752/||
jnRd9VYfD8cJ|Quality_of_service_approaches_in_IoT_A_systematic_mapping|Quality of service approaches in IoT: A systematic mapping|https://www.sciencedirect.com/science/article/pii/S016412121730105X|https://www.scss.tcd.ie/~whiteg5/pub/Quality%20of%20Service%20Approaches%20in%20IoT%20-%20A%20Systematic%20Mapping.pdf|
i7YwX0DKjJ8J|BOOK_B_Demystifying_Big_Data_and_Machine_Learning_for_Healthcare|[BOOK][B] Demystifying Big Data and Machine Learning for Healthcare|https://books.google.com/books?hl=en&lr=&id=omxdDgAAQBAJ&oi=fnd&pg=PP1&dq=%22Internet+of+Medical+Things%22+OR+%22Internet+of+healthcare+things%22+OR+%22Internet+of+M-health+Things%22&ots=xWuHn-dq7v&sig=v9iIC-GQ55YwPQTUOm4U9277-dw||
S2dTWES0T1MJ|The_state_of_standards_and_interoperability_for_mHealth|The state of standards and interoperability for mHealth|http://www.mhealthknowledge.org/sites/default/files/12_state_of_standards_report_2013.pdf|http://www.mhealthknowledge.org/sites/default/files/12_state_of_standards_report_2013.pdf|
bk3-tZLUo2YJ|Rakennuta_ja_kilpailuta_oikein_Modulaarisen_ja_muuntojoustavan_leikkaussalin_hankintaopas|Rakennuta ja kilpailuta oikein: Modulaarisen ja muuntojoustavan leikkaussalin hankintaopas|https://www.theseus.fi/bitstream/handle/10024/129306/Maaninen_Ari.pdf?sequence=1|https://www.theseus.fi/bitstream/handle/10024/129306/Maaninen_Ari.pdf?sequence=1|
TIuk63mAfb0J|Developing_Drug_Administration_Devices_for_Geriatric_Use|Developing Drug Administration Devices for Geriatric Use|https://link.springer.com/chapter/10.1007/978-3-319-43099-7_21||
amltN2iyHR4J|M_health_review_joining_up_healthcare_in_a_wireless_world|M-health review: joining up healthcare in a wireless world|http://eprints.brighton.ac.uk/17525/|http://eprints.brighton.ac.uk/17525/1/mhealth_review_revised.pdf|
pNMV3YDt6tsJ|Lifelogging_data_validation_model_for_internet_of_things_enabled_personalized_healthcare|Lifelogging data validation model for internet of things enabled personalized healthcare|http://ieeexplore.ieee.org/iel7/6221021/6376248/07516690.pdf|https://ore.exeter.ac.uk/repository/bitstream/handle/10871/25837/LPAV-IoT-Model-SMC-Final.pdf?sequence=1&isAllowed=y|
ARgyte_g-JQJ|Internet_of_Things_Cognitive_Transformation_Technology_Research_Trends_and_Applications|Internet of Things Cognitive Transformation Technology Research Trends and Applications|https://www.researchgate.net/profile/Markus_Eisenhauer/publication/318348856_3_Internet_of_Things_Cognitive_Transformation_Technology_Research_Trends_and_Applications/links/5964f624458515183cfab2b0/3-Internet-of-Things-Cognitive-Transformation-Technology-Research-Trends-and-Applications.pdf|https://www.researchgate.net/profile/Markus_Eisenhauer/publication/318348856_3_Internet_of_Things_Cognitive_Transformation_Technology_Research_Trends_and_Applications/links/5964f624458515183cfab2b0/3-Internet-of-Things-Cognitive-Transformation-Technology-Research-Trends-and-Applications.pdf|
7HGrjP4JnAMJ|Applications_of_wireless_sensor_networks_for_urban_areas_A_survey|Applications of wireless sensor networks for urban areas: A survey|https://www.sciencedirect.com/science/article/pii/S1084804515002702|http://www.download-paper.com/wp-content/uploads/2016/07/2015-elsevier-Applications-of-wireless-sensor-networks-for-urban-areas-A-survey.pdf|
Ra4_2HvdpBIJ|Cognitive_Privacy_Middleware_for_Deep_Learning_Mashup_in_Environmental_IoT|Cognitive Privacy Middleware for Deep Learning Mashup in Environmental IoT|http://ieeexplore.ieee.org/abstract/document/8240886/|http://ieeexplore.ieee.org/iel7/6287639/6514899/08240886.pdf|
PMSdvcH5u2QJ|Fall_detection_monitoring_systems_a_comprehensive_review|Fall detection monitoring systems: a comprehensive review|https://link.springer.com/article/10.1007/s12652-017-0592-3||
guBSIw2vBkcJ|KW_Foundation_Campus|KW Foundation| Campus|http://tngconsultores.com/kw/mod/glossary/print.php?id=370&offset=140&sortkey=LASTNAME&mode=author&lang=es_old|http://tngconsultores.com/kw/mod/glossary/print.php?id=370&offset=140&sortkey=LASTNAME&mode=author&lang=es_old|
_pMgfQMr7esJ|Mobilni_sustav_nadzora_okoline_u_stvarnom_vremenu_za_Android_platformu|Mobilni sustav nadzora okoline u stvarnom vremenu za Android platformu|https://zir.nsk.hr/islandora/object/etfos%3A1258|https://zir.nsk.hr/islandora/object/etfos:1258/datastream/PDF/download|
IXcwYbp5HJwJ|Reliable_RFID_Communication_and_Positioning_System_for_Industrial_IoT|Reliable RFID Communication and Positioning System for Industrial IoT|http://www.diva-portal.org/smash/record.jsf?pid=diva2:1045482|http://www.diva-portal.org/smash/get/diva2:1045482/FULLTEXT02|
PJW3VQKf2d4J|Infrastructure_for_Big_Data_processing|Infrastructure for Big Data processing|http://chipset-cost.eu/wp-content/uploads/2017/05/report-1.pdf#page=13|http://chipset-cost.eu/wp-content/uploads/2017/05/report-1.pdf#page=13|
FlXGVnYKwgUJ|Boosting_the_battery_life_of_wearables_for_health_monitoring_through_the_compression_of_biosignals|Boosting the battery life of wearables for health monitoring through the compression of biosignals|http://ieeexplore.ieee.org/abstract/document/7888991/||
rhHozCWy108J|Kumar_Keshamoni|Kumar Keshamoni|http://ijarf.com/Ph_D_Kumar-Safe%20.pdf|http://ijarf.com/Ph_D_Kumar-Safe%20.pdf|
SdKTSRU_q4EJ|Lohkoketjuteknologian_mahdollisuudet_ja_hyoedyt_sosiaali_ja_terveydenhuollossa|Lohkoketjuteknologian mahdollisuudet ja hyödyt sosiaali-ja terveydenhuollossa|http://julkaisut.valtioneuvosto.fi/handle/10024/160464|http://julkaisut.valtioneuvosto.fi/bitstream/handle/10024/160464/Lohkoketjuteknologian%20mahdollisuudet%20ja%20hyodyt%20sosiaali-%20ja%20terveydenhuollossa.pdf?sequence=1|
WS0VPk6-6WkJ|IoT_based_personalized_NIE_content_recommendation_system|IoT-based personalized NIE content recommendation system|https://link.springer.com/article/10.1007/s11042-018-5610-8||
