Bg0-T0USLrIJ|The_internet_of_things_for_health_care_a_comprehensive_survey|The internet of things for health care: a comprehensive survey|http://ieeexplore.ieee.org/abstract/document/7113786/|http://ieeexplore.ieee.org/iel7/6287639/7042252/07113786.pdf|301
7prjf0Yy-70J|Health_monitoring_and_management_using_Internet_of_Things_IoT_sensing_with_cloud_based_processing_Opportunities_and_challenges|Health monitoring and management using Internet-of-Things (IoT) sensing with cloud-based processing: Opportunities and challenges|http://ieeexplore.ieee.org/abstract/document/7207365/|http://www.tolgasoyata.com/file/hassanalieragh.scc15.pdf|134
6gMpTKRvZ7gJ|Adopting_the_internet_of_things_technologies_in_health_care_systems|Adopting the internet of things technologies in health care systems|http://ieeexplore.ieee.org/abstract/document/6969965/|https://www.researchgate.net/profile/Oana_Geman/publication/267153051_Adopting_the_Internet_of_Things_Technologies_in_Health_Care_Systems/links/56fa3afd08ae95e8b6d40f15/Adopting-the-Internet-of-Things-Technologies-in-Health-Care-Systems.pdf|35
uL-LRPBN5dUJ|Fog_computing_in_healthcare_internet_of_things_A_case_study_on_ecg_feature_extraction|Fog computing in healthcare internet of things: A case study on ecg feature extraction|http://ieeexplore.ieee.org/abstract/document/7363093/|https://www.researchgate.net/profile/Mingzhe_Jiang/publication/281176022_Fog_Computing_in_Healthcare_Internet-of-Things_A_Case_Study_on_ECG_Feature_Extraction/links/55eeeea008aedecb68fd820c/Fog-Computing-in-Healthcare-Internet-of-Things-A-Case-Study-on-ECG-Feature-Extraction.pdf|46
_aEqwrTxGiUJ|Opportunities_and_challenges_of_the_Internet_of_Things_for_healthcare_Systems_engineering_perspective|Opportunities and challenges of the Internet of Things for healthcare: Systems engineering perspective|http://ieeexplore.ieee.org/abstract/document/7015961/||33
PHWTRUHhzLgJ|An_emerging_era_in_the_management_of_Parkinson_s_disease_wearable_technologies_and_the_internet_of_things|An emerging era in the management of Parkinson's disease: wearable technologies and the internet of things|http://ieeexplore.ieee.org/abstract/document/7169494/|https://www.researchgate.net/profile/Bjoern_Eskofier/publication/280691221_An_Emerging_Era_in_the_Management_of_Parkinson%27s_Disease_Wearable_Technologies_and_the_Internet_of_Things/links/56ce21e908aeb52500c36b2b/An-Emerging-Era-in-the-Management-of-Parkinsons-Disease-Wearable-Technologies-and-the-Internet-of-Things.pdf|44
EAW3qpPop6EJ|Internet_of_Things_Remote_patient_monitoring_using_web_services_and_cloud_computing|Internet of Things: Remote patient monitoring using web services and cloud computing|http://ieeexplore.ieee.org/abstract/document/7059670/|https://www.researchgate.net/profile/Chung-Horng_Lung/publication/263464098_Internet_of_Things_Remote_Patient_Monitoring_Using_Web_Services_and_Cloud_Computing/links/59fa302fa6fdcc9a16262afc/Internet-of-Things-Remote-Patient-Monitoring-Using-Web-Services-and-Cloud-Computing.pdf|34
eJ3UqShQ0RkJ|eHealth_solutions_in_the_context_of_Internet_of_Things|eHealth solutions in the context of Internet of Things|http://ieeexplore.ieee.org/abstract/document/6857876/|https://www.researchgate.net/profile/Gheorghe_Sebestyen/publication/266140655_eHealth_solutions_in_the_context_of_Internet_of_Things/links/55adeefb08aed614b097d1cd/eHealth-solutions-in-the-context-of-Internet-of-Things.pdf|25
99_j6WeWKcoJ|Effective_ways_to_use_Internet_of_Things_in_the_field_of_medical_and_smart_health_care|Effective ways to use Internet of Things in the field of medical and smart health care|http://ieeexplore.ieee.org/abstract/document/7475151/|http://www.ieeeprojectsmadurai.com/2015-16%20IEEE%20PAPERS/embedded/Effective%20Ways%20to%20Use%20Internet%20of%20Things%20in%20the%20field%20of%20medical%20and%20Smart%20Health%20care.pdf|17
O2kjSP5BgAoJ|Acquisition_and_management_of_biomedical_data_using_Internet_of_Things_concepts|Acquisition and management of biomedical data using Internet of Things concepts|http://ieeexplore.ieee.org/abstract/document/7050625/||16
VcOE3ZRN13QJ|Wearables_and_the_internet_of_things_for_health_Wearable_interconnected_devices_promise_more_efficient_and_comprehensive_health_care|Wearables and the internet of things for health: Wearable, interconnected devices promise more efficient and comprehensive health care|http://ieeexplore.ieee.org/abstract/document/7579253/||14
b1PCJ2coas4J|Ubiquitous_data_accessing_method_in_IoT_based_information_system_for_emergency_medical_services|Ubiquitous data accessing method in IoT-based information system for emergency medical services|http://ieeexplore.ieee.org/abstract/document/6742577/||176
Ufc3G8b8QUQJ|MyHealthAvatar_Personalized_and_empowerment_health_services_through_internet_of_things_technologies|MyHealthAvatar: Personalized and empowerment health services through internet of things technologies|http://ieeexplore.ieee.org/abstract/document/7015978/|https://pdfs.semanticscholar.org/cf60/0e439adc9fa3314e6975a180bc04646e191e.pdf|14
7hXewFnZrlAJ|Integrating_MQTT_and_ISO_IEEE_11073_for_health_information_sharing_in_the_Internet_of_Things|Integrating MQTT and ISO/IEEE 11073 for health information sharing in the Internet of Things|http://ieeexplore.ieee.org/abstract/document/7066380/|https://www.researchgate.net/profile/Angelo_Perkusich/publication/282069333_Integrating_MQTT_and_ISOIEEE_11073_for_health_information_sharing_in_the_Internet_of_Things/links/5644ab9408ae54697fb804d9.pdf|13
Uo2P3LpDq-oJ|Customizing_6LoWPAN_networks_towards_Internet_of_Things_based_ubiquitous_healthcare_systems|Customizing 6LoWPAN networks towards Internet-of-Things based ubiquitous healthcare systems|http://ieeexplore.ieee.org/abstract/document/7004716/|https://www.researchgate.net/profile/Tuan_Nguyen_Gia2/publication/275887559_Customizing_6LoWPAN_Networks_towards_Internet-of-Things_Based_Ubiquitous_Healthcare_Systems/links/5548aeec0cf2b0cf7acef757/Customizing-6LoWPAN-Networks-towards-Internet-of-Things-Based-Ubiquitous-Healthcare-Systems.pdf|14
vc_WUg9vnHgJ|Game_based_adaptive_security_in_the_Internet_of_Things_for_eHealth|Game-based adaptive security in the Internet of Things for eHealth|http://ieeexplore.ieee.org/abstract/document/6883437/|https://www.researchgate.net/profile/Mohamed_Hamdi6/publication/271430089_Game-based_adaptive_security_in_the_Internet_of_Things_for_eHealth/links/5619006b08ae78721f9cfbc0.pdf|27
pNMV3YDt6tsJ|Lifelogging_data_validation_model_for_internet_of_things_enabled_personalized_healthcare|Lifelogging data validation model for internet of things enabled personalized healthcare|http://ieeexplore.ieee.org/iel7/6221021/6376248/07516690.pdf|https://ore.exeter.ac.uk/repository/bitstream/handle/10871/25837/LPAV-IoT-Model-SMC-Final.pdf?sequence=1&isAllowed=y|24
fStt3Sn1hQUJ|RFID_technology_for_IoT_based_personal_healthcare_in_smart_spaces|RFID technology for IoT-based personal healthcare in smart spaces|http://ieeexplore.ieee.org/abstract/document/6780609/|https://iris.unipa.it/bitstream/10447/100771/2/12-IOT_RFID_HEALTCHARE_submitted.pdf|166
q5mZ36XD7v8J|Internet_of_Things_for_e_Health_An_approach_to_medical_applications|Internet of Things for e-Health: An approach to medical applications|http://ieeexplore.ieee.org/abstract/document/7347091/||8
CMpgH9oPqb8J|A_health_iot_platform_based_on_the_integration_of_intelligent_packaging_unobtrusive_bio_sensor_and_intelligent_medicine_box|A health-iot platform based on the integration of intelligent packaging, unobtrusive bio-sensor, and intelligent medicine box|http://ieeexplore.ieee.org/abstract/document/6747344/|http://www.diva-portal.org/smash/get/diva2:833968/FULLTEXT01.pdf|151
wkGjVGNLoFgJ|Mobile_sensing_and_network_analytics_for_realizing_smart_automated_systems_towards_health_internet_of_things|Mobile sensing and network analytics for realizing smart automated systems towards health internet of things|http://ieeexplore.ieee.org/abstract/document/7294241/|https://www.researchgate.net/profile/Hui_Yang61/publication/304285369_Mobile_sensing_and_network_analytics_for_realizing_smart_automated_systems_towards_health_Internet_of_Things/links/57aa46d408ae7a6420bcea44.pdf|10
FC7EFn8KGVoJ|A_comprehensive_review_on_usage_of_Internet_of_Things_IoT_in_healthcare_system|A comprehensive review on usage of Internet of Things (IoT) in healthcare system|http://ieeexplore.ieee.org/abstract/document/7499001/||8
tfbg06jLsOQJ|Integration_of_wearable_devices_in_a_wireless_sensor_network_for_an_E_health_application|Integration of wearable devices in a wireless sensor network for an E-health application|http://ieeexplore.ieee.org/abstract/document/6590049/|http://oa.upm.es/29307/1/INVE_MEM_2013_169317.pdf|100
THHxAkXncakJ|An_IoT_aware_architecture_for_smart_healthcare_systems|An IoT-aware architecture for smart healthcare systems|http://ieeexplore.ieee.org/abstract/document/7070665/|http://syslog.co.in/embedded-projects/embedded-iot-projects/An%20IoT-Aware%20Architecture%20for%20Smart%20Healthcare%20Systems.pdf|131
phDIGwhGDLEJ|Pulse_Glasses_An_unobtrusive_wearable_HR_monitor_with_Internet_of_Things_functionality|Pulse-Glasses: An unobtrusive, wearable HR monitor with Internet-of-Things functionality|http://ieeexplore.ieee.org/abstract/document/7299350/|https://www.researchgate.net/profile/Nicholas_Constant/publication/308732372_Pulse-Glasses_An_unobtrusive_wearable_HR_monitor_with_Internet-of-Things_functionality/links/591dbca20f7e9b642817baf5/Pulse-Glasses-An-unobtrusive-wearable-HR-monitor-with-Internet-of-Things-functionality.pdf|8
z3fY7M9UbNwJ|Internet_of_Things_A_system_s_architecture_proposal|Internet of Things: A system's architecture proposal|http://ieeexplore.ieee.org/abstract/document/6877072/||13
tUvK9nENX4EJ|CoAP_based_healthcare_sensor_networks_A_survey|CoAP-based healthcare sensor networks: A survey|http://ieeexplore.ieee.org/abstract/document/6778196/|http://sisinflab.poliba.it/publications/2014/KRD14/khattak_et_al_ibcast2014.pdf|31
jQ-K4fjQW5oJ|Robot_assistant_in_management_of_diabetes_in_children_based_on_the_Internet_of_things|Robot assistant in management of diabetes in children based on the Internet of things|http://ieeexplore.ieee.org/abstract/document/7728003/|http://livrepository.liverpool.ac.uk/3007441/3/Rob_assistant.pdf|7
2Vlf0wyrPGAJ|Web_of_Things_inspired_e_Health_platform_for_integrated_diabetes_care_management|Web-of-Things inspired e-Health platform for integrated diabetes care management|http://ieeexplore.ieee.org/abstract/document/6716427/||12
w17BBMJclukJ|Use_of_internet_of_things_iot_in_healthcare_A_survey|Use of internet of things (iot) in healthcare: A survey|https://dl.acm.org/citation.cfm?id=2909079||5
ELV2HL6HcgMJ|On_the_Internet_of_Nano_Things_in_healthcare_network|On the Internet of Nano Things in healthcare network|http://ieeexplore.ieee.org/abstract/document/7496572/||7
Enk_8QlQzigJ|ECG_signal_analysis_and_arrhythmia_detection_on_IoT_wearable_medical_devices|ECG signal analysis and arrhythmia detection on IoT wearable medical devices|http://ieeexplore.ieee.org/abstract/document/7495143/|http://dl.noavarangermi.ir/dl/forum/files/freepaper/ecg-iot-6.pdf|15
40P1u2g3mMgJ|Human_activity_recognition_using_neural_networks|Human activity recognition using neural networks|http://ieeexplore.ieee.org/abstract/document/6843636/|https://www.researchgate.net/profile/Stefan_Oniga/publication/266140746_Human_activity_recognition_using_neural_networks/links/54fc6faf0cf20700c5e96b0c.pdf|23
HJJsF1eVTGsJ|Wearable_2_0_Enabling_human_cloud_integration_in_next_generation_healthcare_systems|Wearable 2.0: Enabling human-cloud integration in next generation healthcare systems|http://ieeexplore.ieee.org/abstract/document/7823338/|http://www.ece.ubc.ca/~minchen/min_paper/2017/2017-IEEE-Comm-Wearable-2.0.pdf|44
erLUr2oLMPIJ|BSN_Care_A_secure_IoT_based_modern_healthcare_system_using_body_sensor_network|BSN-Care: A secure IoT-based modern healthcare system using body sensor network|http://ieeexplore.ieee.org/abstract/document/7332745/|https://www.researchgate.net/profile/Prosanta_Gope/publication/284281321_BSN-Care_A_Secure_IoT-based_Modern_Healthcare_System_Using_Body_Sensor_Network/links/5773c3c808ae4645d60a0359/BSN-Care-A-Secure-IoT-based-Modern-Healthcare-System-Using-Body-Sensor-Network.pdf|71
kE8r75C3d6oJ|The_impact_of_the_internet_of_Things_on_implanted_medical_devices_including_pacemakers_and_ICDs|The impact of the internet of Things on implanted medical devices including pacemakers, and ICDs|http://ieeexplore.ieee.org/abstract/document/6555533/|https://www.researchgate.net/profile/Ervin_Sejdic/publication/261147816_The_impact_of_the_internet_of_Things_on_implanted_medical_devices_including_pacemakers_and_ICDs/links/5753158708ae02ac12797408.pdf|4
f-TOAWOwEtwJ|Internet_of_things_iot_enabled_smart_autonomous_hospital_management_system_a_real_world_health_care_use_case_with_the_technology_drivers|Internet of things (iot) enabled smart autonomous hospital management system-a real world health care use case with the technology drivers|http://ieeexplore.ieee.org/abstract/document/7435678/||5
oGTiwoHExcMJ|Always_connected_The_security_challenges_of_the_healthcare_Internet_of_Things|Always connected: The security challenges of the healthcare Internet of Things|http://ieeexplore.ieee.org/abstract/document/7845455/||5
5zvFdXmin9EJ|Smart_health_solution_integrating_IoT_and_cloud_a_case_study_of_voice_pathology_monitoring|Smart health solution integrating IoT and cloud: a case study of voice pathology monitoring|http://ieeexplore.ieee.org/abstract/document/7823340/||16
v3wBv_KISGEJ|User_Interface_Beaming_Seamless_Interaction_with_Smart_Things_Using_Personal_Wearable_Computers|User Interface Beaming--Seamless Interaction with Smart Things Using Personal Wearable Computers|http://ieeexplore.ieee.org/abstract/document/6970626/||19
dWsr8S2RsiMJ|Internet_of_things_infrastructure_as_a_platform_for_distributed_measurement_applications|Internet-of-things infrastructure as a platform for distributed measurement applications|http://ieeexplore.ieee.org/abstract/document/7151576/|https://www.researchgate.net/profile/Giuseppe_Iannaccone/publication/282985524_Internet-of-things_infrastructure_as_a_platform_for_distributed_measurement_applications/links/56de586908ae46f1e99f9e10.pdf|7
ffZIUg7RiQIJ|Information_abstraction_for_heterogeneous_real_world_internet_data|Information abstraction for heterogeneous real world internet data|http://ieeexplore.ieee.org/abstract/document/6548071/||31
d2oIL4TzJpQJ|Energy_efficient_dynamic_packet_downloading_for_medical_IoT_platforms|Energy-efficient dynamic packet downloading for medical IoT platforms|http://ieeexplore.ieee.org/abstract/document/7109892/||16
2sBHXcXyTskJ|An_IoT_based_patient_monitoring_system_using_raspberry_Pi|An IoT based patient monitoring system using raspberry Pi|http://ieeexplore.ieee.org/abstract/document/7725378/||9
JsNxJMDMuEMJ|Scalable_role_based_data_disclosure_control_for_the_internet_of_things|Scalable role-based data disclosure control for the internet of things|http://ieeexplore.ieee.org/abstract/document/7980174/|http://aliyavari.com/papers/2017_ICDCS_IoTDisclosureControl/IoTDisclosureControl.pdf|5
EuelhdE-rFIJ|Real_Time_Internet_Application_with_distributed_flow_environment_for_medical_IoT|Real Time Internet Application with distributed flow environment for medical IoT|http://ieeexplore.ieee.org/abstract/document/7380578/||6
a4slAB5sq5oJ|Microwave_photonics_The_programmable_processor|Microwave photonics: The programmable processor|https://www.nature.com/articles/nphoton.2015.254||33
P5dFAAUQSrwJ|Digital_assistance_services_for_emergency_situations_in_personalized_mobile_healthcare_Smart_space_based_approach|Digital assistance services for emergency situations in personalized mobile healthcare: Smart space based approach|http://ieeexplore.ieee.org/abstract/document/7361852/||15
RFEXfBKCabEJ|Big_health_application_system_based_on_health_internet_of_things_and_big_data|Big health application system based on health internet of things and big data|http://ieeexplore.ieee.org/abstract/document/7782325/|http://ieeexplore.ieee.org/iel7/6287639/7859429/07782325.pdf|4
gQDLDl6ZoDMJ|A_context_aware_interactive_M_health_system_for_diabetics|A context-aware, interactive M-health system for diabetics|http://ieeexplore.ieee.org/abstract/document/7478497/||14
AQNe7iI9Pf8J|A_multi_modal_sensor_infrastructure_for_healthcare_in_a_residential_environment|A multi-modal sensor infrastructure for healthcare in a residential environment|http://ieeexplore.ieee.org/abstract/document/7247190/|http://eis.bris.ac.uk/~xf14883/files/conf/2015_iccw_sphere.pdf|31
OQt2s7WkLeEJ|iHealth_A_Fuzzy_approach_for_provisioning_Intelligent_Health_care_system_in_Smart_City|iHealth: A Fuzzy approach for provisioning Intelligent Health-care system in Smart City|http://ieeexplore.ieee.org/abstract/document/6962169/|https://itra.medialabasia.in/data/Documents/RemoteHealth/publications/iHealth%20%20A%20Fuzzy%20approach%20for%20provisioning%20Intelligent%20Health-care%20system%20in%20Smart%20Cit.pdf|16
R270MYCO7EUJ|Assigning_UPDRS_scores_in_the_leg_agility_task_of_Parkinsonians_Can_it_be_done_through_BSN_based_kinematic_variables|Assigning UPDRS scores in the leg agility task of Parkinsonians: Can it be done through BSN-based kinematic variables?|http://ieeexplore.ieee.org/abstract/document/7004779/|https://arxiv.org/pdf/1502.04100|15
ewnns3zc5TAJ|Security_architecture_for_mobile_e_health_applications_in_medication_control|Security architecture for mobile e-health applications in medication control|http://ieeexplore.ieee.org/abstract/document/6671901/|https://repositorium.sdum.uminho.pt/bitstream/1822/26379/1/rfid-e-health-security-v3.pdf|17
0-0Kx7ZU5SAJ|Internet_of_things_for_a_smart_and_ubiquitous_ehealth_system|Internet of things for a smart and ubiquitous ehealth system|http://ieeexplore.ieee.org/abstract/document/7546226/|https://www.researchgate.net/profile/Parag_Chatterjee/publication/282328605_Internet_of_Things_for_a_Smart_and_Ubiquitous_eHealth_System/links/5656930708ae4988a7b45d7d/Internet-of-Things-for-a-Smart-and-Ubiquitous-eHealth-System.pdf|3
ncs2_E5fN1QJ|IoT_based_smart_healthcare_kit|IoT based smart healthcare kit|http://ieeexplore.ieee.org/abstract/document/7514585/|http://www.kresttechnology.com/krest-academic-projects/krest-mtech-projects/IOT/Mech%20IOT-2017-18/IOT%20Basepaper%202017-18/56.IoT%20based%20smart%20healthcare%20kit.pdf|10
oJXfGyUXDOoJ|Remote_Neonatal_Pain_Assessment_System_Based_on_Internet_of_Things|Remote Neonatal Pain Assessment System Based on Internet of Things|http://ieeexplore.ieee.org/abstract/document/6142186/||3
VIpWkqgcNCUJ|A_study_of_regional_cooperative_emergency_care_system_for_ST_elevation_myocardial_infarction_patients_based_on_the_internet_of_things|A study of regional cooperative emergency care system for ST-elevation myocardial infarction patients based on the internet of things|http://ieeexplore.ieee.org/abstract/document/6380069/||3
u4FdKCZGvIcJ|Managing_security_trade_offs_in_the_internet_of_things_using_adaptive_security|Managing security trade-offs in the internet of things using adaptive security|http://ieeexplore.ieee.org/abstract/document/7412122/|https://www.researchgate.net/profile/Waqas_Aman/publication/287817660_Managing_Security_Trade-offs_in_the_Internet_of_Things_Using_Adaptive_Security/links/56b4825a08ae8cf9c25ad349.pdf|5
1NMTTe5RpUoJ|Architectural_approach_to_the_multisource_health_monitoring_application_design|Architectural approach to the multisource health monitoring application design|http://ieeexplore.ieee.org/abstract/document/7117965/|https://www.fruct.org/publications/fruct17/files/Bor.pdf|22
aJ5ca2TgNY0J|CoAP_protocol_for_Web_based_monitoring_in_IoT_healthcare_applications|CoAP protocol for Web-based monitoring in IoT healthcare applications|http://ieeexplore.ieee.org/abstract/document/7377418/||7
kbzYmHurDsoJ|Challenges_in_the_design_of_self_powered_wearable_wireless_sensors_for_healthcare_Internet_of_Things|Challenges in the design of self-powered wearable wireless sensors for healthcare Internet-of-Things|http://ieeexplore.ieee.org/abstract/document/7517022/||4
9YHzPdGzuHMJ|eBPlatform_An_IoT_based_system_for_NCD_patients_homecare_in_China|eBPlatform: An IoT-based system for NCD patients homecare in China|http://ieeexplore.ieee.org/abstract/document/7037175/|http://or.nsfc.gov.cn/bitstream/00001903-5/421683/1/1000014513839.pdf|14
kFVtpSBPlGUJ|A_two_stages_fuzzy_logic_approach_for_Internet_of_Things_IoT_wearable_devices|A two stages fuzzy logic approach for Internet of Things (IoT) wearable devices|http://ieeexplore.ieee.org/abstract/document/7794563/||3
BtLvjdhKJ8EJ|The_internet_of_things_based_medical_emergency_management_using_Hadoop_ecosystem|The internet of things based medical emergency management using Hadoop ecosystem|http://ieeexplore.ieee.org/abstract/document/7370183/||3
gadZ_JxLYVcJ|Modeling_and_analysis_of_SiNW_bioFET_as_molecular_antenna_for_bio_cyber_interfaces_towards_the_Internet_of_bio_nanothings|Modeling and analysis of SiNW bioFET as molecular antenna for bio-cyber interfaces towards the Internet of bio-nanothings|http://ieeexplore.ieee.org/abstract/document/7389134/|https://arxiv.org/pdf/1510.03206|5
VGMnsUVRBwMJ|IoT_based_surveillance_system_for_ubiquitous_healthcare|IoT-based surveillance system for ubiquitous healthcare|http://ieeexplore.ieee.org/abstract/document/7793281/||8
O17VU_sCGkYJ|Biologically_inspired_bio_cyber_interface_architecture_and_model_for_Internet_of_bio_nanothings_applications|Biologically inspired bio-cyber interface architecture and model for Internet of bio-nanothings applications|http://ieeexplore.ieee.org/abstract/document/7497004/||6
4V2rQsZ_XZcJ|Security_for_medical_sensor_networks_in_mobile_health_systems|Security for medical sensor networks in mobile health systems|http://ieeexplore.ieee.org/abstract/document/6918926/|http://www.academia.edu/download/46738300/Security_for_Medical_Sensor_Networks_in_20160623-3341-1ebz6pu.pdf|7
gMTd-60L01kJ|The_IoT_wearable_stretch_sensor_using_3D_Graphene_foam|The IoT wearable stretch sensor using 3D-Graphene foam|http://ieeexplore.ieee.org/abstract/document/7370275/||5
8tmmZapeVS0J|An_implementation_of_IoT_for_healthcare|An implementation of IoT for healthcare|http://ieeexplore.ieee.org/abstract/document/7488451/|https://www.researchgate.net/profile/Ravi_Kodali/publication/305284960_An_implementation_of_IoT_for_healthcare/links/588ea6a645851567c93f63a5/An-implementation-of-IoT-for-healthcare.pdf|5
dnw8Xdm7nPcJ|Challenges_for_development_of_an_ECG_m_Health_solution|Challenges for development of an ECG m-Health solution|http://eprints.fikt.edu.mk/173/|http://eprints.fikt.edu.mk/173/1/ERSICT-1-02-P03.pdf|7
Wmb-KRKeqPMJ|Hard_and_soft_security_provisioning_for_computationally_weak_pervasive_computing_systems_in_e_health|Hard and soft security provisioning for computationally weak pervasive computing systems in e-health|http://ieeexplore.ieee.org/abstract/document/6590047/|https://www.researchgate.net/profile/Denis_Trcek/publication/260656293_Hard_and_soft_security_provisioning_for_computationally_weak_pervasive_computing_systems_in_E-health/links/54be9a9e0cf28ad7e71852b7/Hard-and-soft-security-provisioning-for-computationally-weak-pervasive-computing-systems-in-E-health.pdf|10
DUBiveP_23YJ|Lightweight_lossy_compression_of_biometric_patterns_via_denoising_autoencoders|Lightweight lossy compression of biometric patterns via denoising autoencoders|http://ieeexplore.ieee.org/abstract/document/7239543/||12
aXoyNPwhkyUJ|Iot_quality_control_for_data_and_application_needs|Iot quality control for data and application needs|http://ieeexplore.ieee.org/abstract/document/7887635/|http://archive.knoesis.org/sites/default/files/IS-32-02-Iot.pdf|6
tQ9zXzNthcoJ|An_energy_efficient_sensor_for_thyroid_monitoring_through_the_IoT|An energy efficient sensor for thyroid monitoring through the IoT|http://ieeexplore.ieee.org/abstract/document/7463377/|https://pdfs.semanticscholar.org/a8c1/eac14fbf555dc325a8d7d8d7b9a49551698a.pdf|6
eMvHt65niy8J|Life_logging_data_aggregation_solution_for_interdisciplinary_healthcare_research_and_collaboration|Life-logging data aggregation solution for interdisciplinary healthcare research and collaboration|http://ieeexplore.ieee.org/abstract/document/7363388/||7
38n2x6C3-FQJ|Smartphone_medicine|Smartphone medicine|http://ieeexplore.ieee.org/abstract/document/7478521/||6
okg3pzYY91AJ|Internet_of_Nano_Things_network_models_and_medical_applications|Internet of Nano-Things network models and medical applications|http://ieeexplore.ieee.org/abstract/document/7577059/||2
corI4hpj9fYJ|Health_care_monitoring_system_in_Internet_of_Things_IoT_by_using_RFID|Health care monitoring system in Internet of Things (IoT) by using RFID|http://ieeexplore.ieee.org/abstract/document/7917920/||3
QIrEw3iHKi8J|Fog_networks_in_healthcare_application|Fog networks in healthcare application|http://ieeexplore.ieee.org/abstract/document/7815059/||4
ks2eNsr8wUMJ|Analysis_and_design_of_security_in_Internet_of_things|Analysis and design of security in Internet of things|http://ieeexplore.ieee.org/abstract/document/7401589/||2
hRMeUVJWrQcJ|Receiver_design_for_a_bionic_nervous_system_Modeling_the_dendritic_processing_power|Receiver design for a bionic nervous system: Modeling the dendritic processing power|http://ieeexplore.ieee.org/abstract/document/7113778/|http://wpage.unina.it/marcello.caleffi/publications/CacCal-16-2.pdf|10
H7xK2wNreroJ|Implementation_of_a_medical_support_system_considering_P2P_and_IoT_technologies|Implementation of a medical support system considering P2P and IoT technologies|http://ieeexplore.ieee.org/abstract/document/6915503/|https://pdfs.semanticscholar.org/4343/b882d701d8ca5a3199cccbb9851c62ffb06b.pdf|3
kDEkpJyuDk4J|Strategic_research_challenges_in_the_Internet_of_Things|Strategic research challenges in the Internet of Things|https://www.researchgate.net/profile/John_Favaro/publication/312591352_Strategic_Challenges_in_the_Internet_of_Things/links/5884b5ce4585150dde482b81/Strategic-Challenges-in-the-Internet-of-Things.pdf|https://www.researchgate.net/profile/John_Favaro/publication/312591352_Strategic_Challenges_in_the_Internet_of_Things/links/5884b5ce4585150dde482b81/Strategic-Challenges-in-the-Internet-of-Things.pdf|2
t6T8ZGWAjxQJ|The_design_of_home_monitoring_system_by_remote_mobile_medical|The design of home monitoring system by remote mobile medical|http://ieeexplore.ieee.org/abstract/document/7429146/||3
fsvu2Bk3i4gJ|A_smart_wearable_system_for_sudden_infant_death_syndrome_monitoring|A smart wearable system for sudden infant death syndrome monitoring|http://ieeexplore.ieee.org/abstract/document/7475060/||9
0t0T20vl1W4J|Influencing_data_availability_in_IoT_enabled_cloud_based_e_health_in_a_30_day_readmission_context|Influencing data availability in IoT enabled cloud based e-health in a 30 day readmission context|http://ieeexplore.ieee.org/abstract/document/7014600/||5
oUReMUJ0uZAJ|Remote_health_monitoring_system_through_IoT|Remote health monitoring system through IoT|http://ieeexplore.ieee.org/abstract/document/7760135/||5
QNd3vv9SdecJ|Mobile_health_m_health_system_in_the_context_of_IoT|Mobile health (m-health) system in the context of IoT|http://ieeexplore.ieee.org/abstract/document/7592698/||4
GeKg10GnyoQJ|Enabling_health_monitoring_as_a_service_in_the_cloud|Enabling health monitoring as a service in the cloud|http://ieeexplore.ieee.org/abstract/document/7027488/|http://citeseerx.ist.psu.edu/viewdoc/download?doi=10.1.1.704.4356&rep=rep1&type=pdf|11
IfaL87KpRtIJ|Reference_design_for_smart_collaborative_telehealth_and_telecare_services_based_on_iot_technologies|Reference design for smart collaborative telehealth and telecare services based on iot technologies|http://ieeexplore.ieee.org/abstract/document/7424204/|https://american-cse.org/csci2015/data/9795a817.pdf|4
G1vWzf1w7bgJ|IoT_based_fall_detection_system_with_energy_efficient_sensor_nodes|IoT-based fall detection system with energy efficient sensor nodes|http://ieeexplore.ieee.org/abstract/document/7792890/|https://www.researchgate.net/profile/Amir_M_Rahmani2/publication/308765753_IoT-Based_Fall_Detection_System_with_Energy_Efficient_Sensor_Nodes/links/59d5c907aca2725954c71ae0/IoT-Based-Fall-Detection-System-with-Energy-Efficient-Sensor-Nodes.pdf|6
00r6lv1wvxMJ|An_Internet_of_things_resource_for_rehabilitation|An Internet of things resource for rehabilitation|http://ieeexplore.ieee.org/abstract/document/6867605/|https://pdfs.semanticscholar.org/2994/cbf06017452e116b797e8b7a0b46e27600ec.pdf|2
6DCU9N3vfskJ|A_multiple_communication_standards_compatible_IoT_system_for_medical_usage|A multiple communication standards compatible IoT system for medical usage|http://ieeexplore.ieee.org/abstract/document/6577775/||6
oHnl16ROo2EJ|An_IoT_based_system_for_remote_patient_monitoring|An IoT based system for remote patient monitoring|http://ieeexplore.ieee.org/abstract/document/7501056/||4
bzPeXqTTmg0J|Security_and_privacy_framework_for_ubiquitous_healthcare_IoT_devices|Security and privacy framework for ubiquitous healthcare IoT devices|http://ieeexplore.ieee.org/abstract/document/7412059/||4
9fpJTNDai0UJ|A_survey_on_IoT_applications_security_challenges_and_counter_measures|A survey on IoT applications, security challenges and counter measures|http://ieeexplore.ieee.org/abstract/document/7914983/||3
IyHPIizElTsJ|Research_on_Data_Communication_Between_Intelligent_Terminals_of_Medical_Internet_of_Things|Research on Data Communication Between Intelligent Terminals of Medical Internet of Things|http://ieeexplore.ieee.org/abstract/document/7810895/||1
cV89LOBQL2UJ|IoT_based_fall_detection_for_smart_home_environments|IoT-based fall detection for smart home environments|http://ieeexplore.ieee.org/abstract/document/7829515/||4
CNRdmY3StU0J|A_model_driven_methodology_for_the_design_of_autonomic_and_cognitive_IoT_based_systems_Application_to_healthcare|A model-driven methodology for the design of autonomic and cognitive IoT-based systems: Application to healthcare|http://ieeexplore.ieee.org/abstract/document/7935485/|https://hal.archives-ouvertes.fr/hal-01535140/file/IEEE%20ComTopicSubmissionHall.pdf|7
tB0fP0bnahcJ|MQTT_in_AAL_systems_for_home_monitoring_of_people_with_dementia|MQTT in AAL systems for home monitoring of people with dementia|http://ieeexplore.ieee.org/abstract/document/7794566/||4
NIEZXsbmTLAJ|A_hybrid_data_compression_scheme_for_power_reduction_in_wireless_sensors_for_IoT|A hybrid data compression scheme for power reduction in wireless sensors for IoT|http://ieeexplore.ieee.org/abstract/document/7737055/|https://scholarbank.nus.edu.sg/bitstream/10635/130536/1/2016-hybrid_data_compression_scheme_power_reduction-preprint.pdf|8
iid7_yVhy1cJ|Common_open_telemedicine_hub_and_infrastructure_with_interface_recommendation|Common open telemedicine hub and infrastructure with interface recommendation|http://ieeexplore.ieee.org/abstract/document/7507407/||3
DRPGgWkiXUsJ|Design_of_health_management_system_based_on_the_internet_of_things|Design of health management system based on the internet of things|http://www.atlantis-press.com/php/download_paper.php?id=24233|http://www.atlantis-press.com/php/download_paper.php?id=24233|1
wiBqBm84cWsJ|Internet_of_Things_IoT_Driven_U_Healthcare_System_Architecture|Internet of Things (IoT) Driven U-Healthcare System Architecture|http://ieeexplore.ieee.org/abstract/document/7433046/||1
YDqsxTGj2rUJ|A_Robust_and_Flexible_Access_Control_Scheme_for_Cloud_IoT_Paradigm_with_Application_to_Remote_Mobile_Medical_Monitoring|A Robust and Flexible Access Control Scheme for Cloud-IoT Paradigm with Application to Remote Mobile Medical Monitoring|http://ieeexplore.ieee.org/abstract/document/7399162/||2
RHBR2Az1cxYJ|Alarm_system_for_elder_patients_medication_with_IoT_enabled_pill_bottle|Alarm system for elder patients medication with IoT-enabled pill bottle|http://ieeexplore.ieee.org/abstract/document/7354494/||2
K20CJlE1VcIJ|Internet_of_Medical_Things_for_cardiac_monitoring_Paving_the_way_to_5G_mobile_networks|Internet of Medical Things for cardiac monitoring: Paving the way to 5G mobile networks|http://ieeexplore.ieee.org/abstract/document/7907420/||1
ioIG30iYixoJ|Towards_smart_ehealth_in_the_ultra_large_scale_Internet_of_Things_era|Towards smart ehealth in the ultra large-scale Internet of Things era|http://ieeexplore.ieee.org/abstract/document/7890938/||1
Vr2jEbrcj_MJ|Limitations_and_future_of_electrocardiography_devices_A_review_and_the_perspective_from_the_Internet_of_Things|Limitations and future of electrocardiography devices: A review and the perspective from the Internet of Things|http://ieeexplore.ieee.org/abstract/document/8002506/||2
9HdEVq4xf0YJ|Improving_life_quality_for_the_elderly_through_the_Social_Internet_of_Things_SIoT|Improving life quality for the elderly through the Social Internet of Things (SIoT)|http://ieeexplore.ieee.org/abstract/document/8016215/|https://fardapaper.ir/mohavaha/uploads/2017/10/Improving-life-quality-for-the-elderly-through-the-Social-Internet-of-Things-SIoT.pdf|1
NZsGyy7euSQJ|BOOK_B_Biometric_Security_and_Privacy_Opportunities_Challenges_in_the_Big_Data_Era|[BOOK][B] Biometric Security and Privacy: Opportunities & Challenges in the Big Data Era|https://books.google.com/books?hl=en&lr=&id=sZbJDQAAQBAJ&oi=fnd&pg=PR5&dq=%22Internet+of+Things%3B+Medical%22&ots=WPghBA4DFF&sig=Eqwkz6UVTGpMYEIZ1Do3UpW-iLk||2
s9roiyJIBnAJ|Surprising_Prevalence_of_Electroencephalogram_Brain_Computer_Interface_to_Internet_of_Things_Future_Directions|Surprising Prevalence of Electroencephalogram Brain-Computer Interface to Internet of Things [Future Directions]|http://ieeexplore.ieee.org/abstract/document/7879388/|http://ieeexplore.ieee.org/iel7/5962380/7879185/07879388.pdf|1
UL3OVq9fASEJ|Sports_Injuries_and_Prevention_Analytics_Conceptual_Framework_Research_Opportunities|Sports Injuries and Prevention Analytics: Conceptual Framework & Research Opportunities|http://aisel.aisnet.org/amcis2016/Decision/Presentations/24/||3
q5FigqwvToEJ|A_smart_remote_elderly_monitoring_system_based_on_IoT_technologies|A smart remote elderly monitoring system based on IoT technologies|http://ieeexplore.ieee.org/abstract/document/7993745/|http://bib.irb.hr/datoteka/884977.1D-1.pdf|3
vpHecoOeenwJ|Sensor_based_healthcare_information_system|Sensor based healthcare information system|http://ieeexplore.ieee.org/abstract/document/7801219/||2
WVyI50k_GFQJ|Experimental_sleep_phases_monitoring|Experimental sleep phases monitoring|http://ieeexplore.ieee.org/abstract/document/7455976/||3
TTLvxFrUMbIJ|Sequential_decision_making_in_healthcare_IoT_Real_time_health_monitoring_treatments_and_interventions|Sequential decision-making in healthcare IoT: Real-time health monitoring, treatments and interventions|http://ieeexplore.ieee.org/abstract/document/7845446/||2
mfLAXJ_AcjUJ|On_the_effectiveness_of_congestion_control_mechanisms_for_remote_healthcare_monitoring_system_in_IoT_environment_A_review|On the effectiveness of congestion control mechanisms for remote healthcare monitoring system in IoT environment—A review|http://ieeexplore.ieee.org/abstract/document/7804665/||2
Dn3Lf_u64FwJ|Rapid_evidence_based_development_of_mobile_medical_iot_apps|Rapid evidence-based development of mobile medical iot apps|http://ieeexplore.ieee.org/abstract/document/7457157/||2
vBf4hJICOCIJ|Design_flaws_in_a_secure_medical_data_exchange_protocol_based_on_cloud_environments|Design flaws in a secure medical data exchange protocol based on cloud environments|https://link.springer.com/chapter/10.1007/978-3-319-27161-3_39||2
eG7G_Ln2SHsJ|Real_time_performance_management_of_assisted_living_services_for_Bluetooth_low_energy_sensor_communication|Real-time performance management of assisted living services for Bluetooth low energy sensor communication|http://ieeexplore.ieee.org/abstract/document/7987452/|https://pdfs.semanticscholar.org/9064/94ed8a7b715d644684c3514430334270c03d.pdf|2
MFVrOJVgSwcJ|A_middleware_platform_for_integrating_devices_and_developing_applications_in_e_health|A middleware platform for integrating devices and developing applications in e-health|http://ieeexplore.ieee.org/abstract/document/7320508/|http://www.dimap.ufrn.br/~everton/publications/2015-SBRC.pdf|2
bQ-65unjN9AJ|Emonitoring_for_ehealth_Research_projects_for_assisted_living|Emonitoring for ehealth: Research projects for assisted living|http://ieeexplore.ieee.org/abstract/document/6550558/|https://www.researchgate.net/profile/A_Thomas5/publication/236176400_eMonitoring_for_eHealth_Research_Projects_for_Assisted_Living/links/55b5f48108aec0e5f436cbd3.pdf|2
DJD2JFqlDt8J|Research_and_implementation_of_the_medical_logistics_vehicle_monitoring_and_management|Research and implementation of the medical logistics vehicle monitoring and management|http://ieeexplore.ieee.org/abstract/document/7854423/||1
3SWV97v5FTkJ|The_Research_of_Intelligent_Medical_Devices_Management_System_Based_on_RFID_Technology|The Research of Intelligent Medical Devices Management System Based on RFID Technology|http://ieeexplore.ieee.org/abstract/document/7816669/||1
nOuQf2hRJxMJ|Implementation_of_IOT_Based_Health_Care_Solution_Based_on_Cloud_Computing|Implementation of IOT Based Health Care Solution Based on Cloud Computing|http://www.ijecs.in/index.php/ijecs/article/view/2452|http://www.ijecs.in/index.php/ijecs/article/download/2452/2265|1
3rePjF3h4tcJ|Development_of_a_health_monitoring_vest_for_the_elderly|Development of a health monitoring vest for the elderly|http://ieeexplore.ieee.org/abstract/document/7561619/||1
Fb8mtNhjEeQJ|Map_reduce_for_optimizing_a_large_scale_dynamic_network_the_Internet_of_hearts|Map reduce for optimizing a large-scale dynamic network—the Internet of hearts|http://ieeexplore.ieee.org/abstract/document/7591351/||1
Vr2jEbrcj_MJ|Limitations_and_future_of_electrocardiography_devices_A_review_and_the_perspective_from_the_Internet_of_Things|Limitations and future of electrocardiography devices: A review and the perspective from the Internet of Things|http://ieeexplore.ieee.org/abstract/document/8002506/||2
9HdEVq4xf0YJ|Improving_life_quality_for_the_elderly_through_the_Social_Internet_of_Things_SIoT|Improving life quality for the elderly through the Social Internet of Things (SIoT)|http://ieeexplore.ieee.org/abstract/document/8016215/|https://fardapaper.ir/mohavaha/uploads/2017/10/Improving-life-quality-for-the-elderly-through-the-Social-Internet-of-Things-SIoT.pdf|1
NZsGyy7euSQJ|BOOK_B_Biometric_Security_and_Privacy_Opportunities_Challenges_in_the_Big_Data_Era|[BOOK][B] Biometric Security and Privacy: Opportunities & Challenges in the Big Data Era|https://books.google.com/books?hl=en&lr=&id=sZbJDQAAQBAJ&oi=fnd&pg=PR5&dq=%22Internet+of+Things%3B+Medical%22&ots=WPghBA4FID&sig=bTxp2OdDilU4UL6XCmASmzG1PQc||2
s9roiyJIBnAJ|Surprising_Prevalence_of_Electroencephalogram_Brain_Computer_Interface_to_Internet_of_Things_Future_Directions|Surprising Prevalence of Electroencephalogram Brain-Computer Interface to Internet of Things [Future Directions]|http://ieeexplore.ieee.org/abstract/document/7879388/|http://ieeexplore.ieee.org/iel7/5962380/7879185/07879388.pdf|1
UL3OVq9fASEJ|Sports_Injuries_and_Prevention_Analytics_Conceptual_Framework_Research_Opportunities|Sports Injuries and Prevention Analytics: Conceptual Framework & Research Opportunities|http://aisel.aisnet.org/amcis2016/Decision/Presentations/24/||3
q5FigqwvToEJ|A_smart_remote_elderly_monitoring_system_based_on_IoT_technologies|A smart remote elderly monitoring system based on IoT technologies|http://ieeexplore.ieee.org/abstract/document/7993745/|http://bib.irb.hr/datoteka/884977.1D-1.pdf|3
vpHecoOeenwJ|Sensor_based_healthcare_information_system|Sensor based healthcare information system|http://ieeexplore.ieee.org/abstract/document/7801219/||2
WVyI50k_GFQJ|Experimental_sleep_phases_monitoring|Experimental sleep phases monitoring|http://ieeexplore.ieee.org/abstract/document/7455976/||3
TTLvxFrUMbIJ|Sequential_decision_making_in_healthcare_IoT_Real_time_health_monitoring_treatments_and_interventions|Sequential decision-making in healthcare IoT: Real-time health monitoring, treatments and interventions|http://ieeexplore.ieee.org/abstract/document/7845446/||2
mfLAXJ_AcjUJ|On_the_effectiveness_of_congestion_control_mechanisms_for_remote_healthcare_monitoring_system_in_IoT_environment_A_review|On the effectiveness of congestion control mechanisms for remote healthcare monitoring system in IoT environment—A review|http://ieeexplore.ieee.org/abstract/document/7804665/||2
U1-y3lwnQJEJ|Address_Allocation_in_IPv6_Sensor_Networks_for_Medical_Monitoring_Applications|Address Allocation in IPv6 Sensor Networks for Medical Monitoring Applications|http://ieeexplore.ieee.org/abstract/document/6142157/||1
aJrhepL4ZCIJ|Smartstuff_A_case_study_of_a_smart_water_bottle|Smartstuff: A case study of a smart water bottle|http://ieeexplore.ieee.org/abstract/document/7592170/|http://www.ece.uah.edu/~jovanov/papers/C2016_Jovanov_smartstuff.pdf|1
5kr3_94nyWgJ|A_survey_on_security_of_IoT_in_the_context_of_eHealth_and_clouds|A survey on security of IoT in the context of eHealth and clouds|http://ieeexplore.ieee.org/abstract/document/7843009/||1
_6uy5PYbZJ4J|Monitoring_stress_level_parameters_of_frequent_computer_users|Monitoring stress level parameters of frequent computer users|http://ieeexplore.ieee.org/abstract/document/7754467/||1
jlSDrdW44hMJ|A_mobile_application_for_ECG_detection_and_feature_extraction|A mobile application for ECG detection and feature extraction|http://eprints.fikt.edu.mk/147/|http://eprints.fikt.edu.mk/147/1/AIIT%202016%20-%20P37.pdf|1
D1QwW1GdgYwJ|Big_data_analytics_of_IoT_based_Health_care_monitoring_system|Big data analytics of IoT based Health care monitoring system|http://ieeexplore.ieee.org/abstract/document/7894624/||1
0Qx3toCY81cJ|Classification_of_various_daily_behaviors_using_deep_learning_and_smart_watch|Classification of various daily behaviors using deep learning and smart watch|http://ieeexplore.ieee.org/abstract/document/7993888/||1
aA84X3Yj_6MJ|Development_of_IoT_based_lower_limb_exoskeleton_in_rehabilitation|Development of IoT based lower limb exoskeleton in rehabilitation|http://ieeexplore.ieee.org/abstract/document/7992834/||1
GSM_1rlSFbUJ|Mobile_Medical_Mate_Business_Based_on_Two_Dimension_Bar_Code|Mobile Medical-Mate Business Based on Two-Dimension Bar Code|http://en.cnki.com.cn/Article_en/CJFDTotal-DXKX2011S1025.htm||1
hNzB45CIk5kJ|IoT_for_remote_elderly_patient_care_based_on_Fuzzy_logic|IoT for remote elderly patient care based on Fuzzy logic|http://ieeexplore.ieee.org/abstract/document/7746072/||1
fpiUzc56AxQJ|Smart_under_five_health_care_system|Smart under-five health care system|http://ieeexplore.ieee.org/abstract/document/7530674/||1
x43DUplS3AgJ|Design_and_evaluation_of_an_IoT_enabled_secure_multi_service_Ambulance_Tracking_System|Design and evaluation of an IoT enabled secure multi-service Ambulance Tracking System|http://ieeexplore.ieee.org/abstract/document/7848420/||1
Ojh5G12hfcMJ|Localization_of_Health_Center_Assets_Through_an_IoT_Environment_LoCATE|Localization of Health Center Assets Through an IoT Environment (LoCATE)|http://ieeexplore.ieee.org/abstract/document/7937703/|http://www.kresttechnology.com/krest-academic-projects/krest-mtech-projects/IOT/Mech%20IOT-2017-18/IOT%20Basepaper%202017-18/42.%20Localization%20of%20Health%20Center%20Assets%20Through%20an%20IoT%20Environment%20(LoCATE).pdf|1
yYjdKmCeLdUJ|A_personal_health_index_system_with_IoT_devices|A personal health index system with IoT devices|http://ieeexplore.ieee.org/abstract/document/7787072/||1
RXXRLocyCpgJ|Health_companion_device_using_IoT_and_wearable_computing|Health companion device using IoT and wearable computing|http://ieeexplore.ieee.org/abstract/document/7562713/||1
-uh5z72FpGUJ|Sharing_as_a_principle_for_medical_device_management|Sharing as a principle for medical device management|http://ieeexplore.ieee.org/abstract/document/7454476/||1
Lh37Ea5y3k8J|Strategy_to_reinforce_security_in_telemedicine_services|Strategy to reinforce security in telemedicine services|http://ieeexplore.ieee.org/abstract/document/7224778/||1
eN1u6Q9hi9sJ|Communication_and_Security_in_Health_Monitoring_Systems_A_Review|Communication and Security in Health Monitoring Systems--A Review|http://ieeexplore.ieee.org/abstract/document/7552069/||2
oDvkurkWa7UJ|Agent_abstractions_for_engineering_IoT_systems_A_case_study_in_smart_healthcare|Agent abstractions for engineering IoT systems: A case study in smart healthcare|http://ieeexplore.ieee.org/abstract/document/8000170/||1
zzILWfc9NWkJ|Constructing_ideas_of_health_service_platform_for_the_elderly|Constructing ideas of health service platform for the elderly|http://ieeexplore.ieee.org/abstract/document/6379478/||1
AhL5CAeY13UJ|Dynamic_service_switching_for_the_medical_iot|Dynamic service switching for the medical iot|http://ieeexplore.ieee.org/abstract/document/7794845/|https://mediatum.ub.tum.de/doc/1343080/file.pdf|1
s24lPv5oG50J|An_Interactive_Telecare_System_Enhanced_with_IoT_Technology|An Interactive Telecare System Enhanced with IoT Technology|http://ieeexplore.ieee.org/abstract/document/7994568/||1
LK9IPj7CvIsJ|Mobile_caching_enabled_small_cells_for_delay_tolerant_e_Health_apps|Mobile caching-enabled small-cells for delay-tolerant e-Health apps|http://ieeexplore.ieee.org/abstract/document/7962641/||1
6DXcJhTyluwJ|An_IoT_based_pervasive_body_hydration_tracker_PHT|An IoT-based pervasive body hydration tracker (PHT)|http://ieeexplore.ieee.org/abstract/document/7281774/||1
MZt2102lj0IJ|Two_dimensional_collaborative_filtering_approach_to_wireless_channel_characterization_in_medical_complex_scenarios|Two-dimensional collaborative filtering approach to wireless channel characterization in medical complex scenarios|http://ieeexplore.ieee.org/abstract/document/7580801/||1
U5GiK97gbNkJ|Batteryless_radio_system_for_hospital_application|Batteryless radio system for hospital application|http://ieeexplore.ieee.org/abstract/document/7556093/||1
dD4fyvWoGJ8J|Virtual_reality_applications_for_smart_cities_in_health_A_systematic_review|Virtual reality applications for smart cities in health: A systematic review|http://ieeexplore.ieee.org/abstract/document/7300742/||1
6Fz_IY0KXegJ|Preliminary_evaluation_of_a_wireless_remote_monitoring_system_for_home_mechanical_ventilation|Preliminary evaluation of a wireless remote monitoring system for home mechanical ventilation|http://ieeexplore.ieee.org/abstract/document/7533706/||1
OEBw5X9iYdwJ|A_Personal_Healthcare_System_with_Inference_as_a_Service|A Personal Healthcare System with Inference-as-a-Service|http://ieeexplore.ieee.org/abstract/document/7207360/||2
r01hhI-9gdkJ|Portable_multipurpose_bio_signal_acquisition_and_wireless_streaming_device_for_wearables|Portable multipurpose bio-signal acquisition and wireless streaming device for wearables|http://ieeexplore.ieee.org/abstract/document/7894053/|https://www.researchgate.net/profile/Amir_M_Rahmani2/publication/312813526_Portable_Multipurpose_Bio-signal_Acquisition_and_Wireless_Streaming_Device_for_Wearables/links/59d5c870a6fdcc87469821fe/Portable-Multipurpose-Bio-signal-Acquisition-and-Wireless-Streaming-Device-for-Wearables.pdf|1
m9GyjeLlW5AJ|Infection_tracing_in_smart_hospitals|Infection tracing in smart hospitals|http://ieeexplore.ieee.org/abstract/document/7763193/||2
8kk0Id9IV6cJ|Architecture_and_the_Key_Technologies_of_Medical_Equipment_Management_System_based_on_the_Internet_of_Things|Architecture and the Key Technologies of Medical Equipment Management System based on the Internet of Things.|http://search.ebscohost.com/login.aspx?direct=true&profile=ehost&scope=site&authtype=crawler&jrnl=16627482&AN=101045861&h=Q0N8TT8SbC3IJDWlpoDYPJ53nTmWK2nVTFUbfNSvCJ1rl%2BT%2F98p1efskyQiGa4TEkeX%2BnznYXA%2BTtovq7hYAcg%3D%3D&crl=c||
Dwk0ghkwYAkJ|Architecture_and_the_Key_Technologies_of_Medical_Equipment_Management_System_Based_on_the_Internet_of_Things|Architecture and the Key Technologies of Medical Equipment Management System Based on the Internet of Things|http://www.ingentaconnect.com/contentone/asp/jctn/2016/00000013/00000012/art00114||
f9AxT5KkG14J|Technology_therapy_for_obsessive_compulsive_disorder_based_on_Internet_of_Things|Technology therapy for obsessive-compulsive disorder based on Internet of Things|http://ieeexplore.ieee.org/abstract/document/6722800/||
A6tTUiz3nQkJ|A_low_cost_Internet_of_Things_IoT_system_for_multi_patient_ECG_s_monitoring|A low-cost Internet of Things (IoT) system for multi-patient ECG's monitoring|http://ieeexplore.ieee.org/abstract/document/7814958/|http://dl.noavarangermi.ir/dl/forum/files/freepaper/ecg-iot-5.pdf|
WLvFVbkbLzYJ|How_the_IoT_is_Changing_the_Medical_Game|How the IoT is Changing the Medical Game|http://search.proquest.com/openview/d4863c9d4a178135abaef65e824bf76e/1?pq-origsite=gscholar&cbl=2026675||
6ytQYfHKrEAJ|Internet_of_Things_Architecture_for_Enhanced_Living_Environments|Internet of Things Architecture for Enhanced Living Environments|http://ieeexplore.ieee.org/abstract/document/7802510/|http://www.sotiriadis.gr/publications/d6sot-proof1.pdf|
Z6dqaVZiRqQJ|A_Study_on_Redesigning_Modern_Healthcare_Using_Internet_of_Things|A Study on Redesigning Modern Healthcare Using Internet of Things|https://link.springer.com/chapter/10.1007/978-981-10-5631-4_6||
RBosbGEX84AJ|A_Workload_Characterization_for_the_Internet_of_Medical_Things_IoMT|A Workload Characterization for the Internet of Medical Things (IoMT)|http://ieeexplore.ieee.org/abstract/document/7987536/|http://www2.engr.arizona.edu/~tosiron/papers/IoMT_ISVLSI17.pdf|
2uREcJi2vX4J|Internet_of_Things_in_Eye_Diseases_Introducing_a_New_Smart_Eyeglasses_Designed_for_Probable_Dangerous_Pressure_Changes_in_Human_Eyes|Internet of Things in Eye Diseases, Introducing a New Smart Eyeglasses Designed for Probable Dangerous Pressure Changes in Human Eyes|http://ieeexplore.ieee.org/abstract/document/8079762/||
RoKLf8H3nvwJ|Survey_Based_Analysis_of_Internet_of_Things_Based_Architectural_Framework_for_Hospital_Management_System|Survey Based Analysis of Internet of Things Based Architectural Framework for Hospital Management System|http://ieeexplore.ieee.org/abstract/document/7421012/||
VnoTkNcMZooJ|Internet_of_Things_Modern_Paradigm_of_Health_Care|Internet of Things: Modern Paradigm of Health Care|https://dl.acm.org/citation.cfm?id=3176231||
WwTengn21dkJ|Internet_of_Medical_Things_IOMT_Applications_Benefits_and_Future_Challenges_in_Healthcare_Domain|Internet of Medical Things (IOMT): Applications, Benefits and Future Challenges in Healthcare Domain|http://www.jocm.us/uploadfile/2017/0428/20170428025024260.pdf|http://www.jocm.us/uploadfile/2017/0428/20170428025024260.pdf|
xDCKT1WfeDAJ|Combat_triage_support_using_the_Internet_of_Military_Things|Combat triage support using the Internet of Military Things|http://ieeexplore.ieee.org/abstract/document/8104646/|https://annals-csis.org/Volume_11/drp/pdf/186.pdf|
KK1XU_NnX90J|Internet_of_Things_for_personal_healthcare_Study_of_eHealth_sector_Smart_wearable_design|Internet of Things for personal healthcare.: Study of eHealth sector. Smart wearable design.|https://www.theseus.fi/handle/10024/119325|https://www.theseus.fi/bitstream/handle/10024/119325/thesis_Kirill_Lazarev.pdf?sequence=1&isAllowed=y|
Bj5Y90H8G8UJ|Portable_Medical_Records_Using_Internet_of_Things_for_Medical_Devices|Portable Medical Records Using Internet of Things for Medical Devices|http://ieeexplore.ieee.org/abstract/document/8082685/||
iVkBAFOaeKgJ|Development_of_an_information_system_for_medical_equipment_management_in_hospitals|Development of an information system for medical equipment management in hospitals|http://ieeexplore.ieee.org/abstract/document/7859583/||
aIyNFvyn7jAJ|Fabrication_of_lithium_ion_micro_batteries_with_help_of_a_printable_separator|Fabrication of lithium ion micro batteries with help of a printable separator|https://www.researchgate.net/profile/Robert_Hahn2/publication/263314718_Fabrication_of_lithium_ion_micro_batteries_with_help_of_printable_separator/links/5544ed540cf23ff716869750/Fabrication-of-lithium-ion-micro-batteries-with-help-of-printable-separator.pdf|https://www.researchgate.net/profile/Robert_Hahn2/publication/263314718_Fabrication_of_lithium_ion_micro_batteries_with_help_of_printable_separator/links/5544ed540cf23ff716869750/Fabrication-of-lithium-ion-micro-batteries-with-help-of-printable-separator.pdf|
l79eF1Ep6XUJ|Automated_patient_appointment_reminder_for_cross_platform_mobile_application|Automated patient appointment reminder for cross-platform mobile application|http://ieeexplore.ieee.org/abstract/document/7824765/||
BxkyzH64Iw8J|The_Design_and_Research_of_the_Internet_of_Things_Technology_in_the_Training_of_Spatial_Navigation_Ability_of_Patients_with_Mild_Cognitive_Impairment|The Design and Research of the Internet of Things Technology in the Training of Spatial Navigation Ability of Patients with Mild Cognitive Impairment|http://ieeexplore.ieee.org/abstract/document/8006019/||
KkdqGweUeXcJ|Big_data_management_system_for_the_harmonization_of_enterprise_model|Big data management system for the harmonization of enterprise model|http://ieeexplore.ieee.org/abstract/document/7725335/||
4bl0G73zjT0J|Improving_Medical_Adherence_using_Smart_Medicine_Cabinet_Monitoring_System|Improving Medical Adherence using Smart Medicine Cabinet Monitoring System|https://pdfs.semanticscholar.org/2f4e/b089c34e049e24c572dedd6140c8ec3b97fa.pdf|https://pdfs.semanticscholar.org/2f4e/b089c34e049e24c572dedd6140c8ec3b97fa.pdf|
7rwJ1Ywn05sJ|Internet_of_things_for_sleep_quality_monitoring_system_A_survey|Internet of things for sleep quality monitoring system: A survey|http://ieeexplore.ieee.org/abstract/document/7951426/||
Ql63JBgJO9gJ|A_secure_patient_information_transfer_method_through_delegated_authorization|A secure patient information transfer method through delegated authorization|http://ieeexplore.ieee.org/abstract/document/7763434/||
hLytJWirvccJ|Classic_Medicine_Modern_Care_Development_of_an_Innovative_Medical_Home_Visit_App|Classic Medicine, Modern Care: Development of an Innovative Medical Home Visit App|https://azgsjournal.scholasticahq.com/article/1651.pdf|https://azgsjournal.scholasticahq.com/article/1651.pdf|
-3ejgMv2pwAJ|The_Application_of_Things_of_Internet_in_Development_of_Low_carbon_Society|The Application of Things of Internet in Development of Low-carbon Society|http://citeseerx.ist.psu.edu/viewdoc/download?doi=10.1.1.472.4128&rep=rep1&type=pdf|http://citeseerx.ist.psu.edu/viewdoc/download?doi=10.1.1.472.4128&rep=rep1&type=pdf|
lBRAKqq0-UoJ|Cleartext_Data_Transmissions_in_Consumer_IoT_Medical_Devices|Cleartext Data Transmissions in Consumer IoT Medical Devices|https://dl.acm.org/citation.cfm?id=3139939||
fu8YLEoes8AJ|Medicine_data_transceiver|Medicine data transceiver|http://ieeexplore.ieee.org/abstract/document/6570149/||
O0shMhEAdh0J|Adaptation_of_the_Model_for_Assessment_of_Telemedicine_MAST_for_IoT_Telemedicine_Services|Adaptation of the Model for Assessment of Telemedicine (MAST) for IoT Telemedicine Services|https://link.springer.com/chapter/10.1007/978-3-319-58536-9_27||
NGM_kTUmtr4J|Smart_asthma_attack_prediction_system_using_Internet_of_Things|Smart asthma attack prediction system using Internet of Things|http://ieeexplore.ieee.org/abstract/document/7746252/||
lC09OYDl5JUJ|Evaluating_the_use_of_TLS_and_DTLS_protocols_in_IoT_middleware_systems_applied_to_E_health|Evaluating the use of TLS and DTLS protocols in IoT middleware systems applied to E-health|http://ieeexplore.ieee.org/abstract/document/7983155/||
9MJcOerit-QJ|Where_the_tech_jobs_are_2016|Where the tech jobs are: 2016|http://ieeexplore.ieee.org/abstract/document/7551340/|http://ieeexplore.ieee.org/iel7/6/7551005/07551340.pdf|
EGIv6-zYlnoJ|34_Design_and_Development_of_the_Fitness_Exercise_Promotion_System_Based_on_the_Internet_of_Things|34. Design and Development of the Fitness Exercise Promotion System Based on the Internet of Things|http://revistadelafacultaddeingenieria.com/index.php/ingenieria/article/download/2533/2492|http://revistadelafacultaddeingenieria.com/index.php/ingenieria/article/download/2533/2492|
pHoBPB9RLwwJ|Development_of_a_wireless_wearable_electrooculogram_recorder_for_IoT_based_applications|Development of a wireless wearable electrooculogram recorder for IoT based applications|http://ieeexplore.ieee.org/abstract/document/8001559/||
aR-bQ-eIr_sJ|Healthcare_monitoring_system_for_web_enabled_smart_buildings|Healthcare monitoring system for web-enabled smart buildings|http://ijarcet.org/wp-content/uploads/IJARCET-VOL-1-ISSUE-8-259-264.pdf|http://ijarcet.org/wp-content/uploads/IJARCET-VOL-1-ISSUE-8-259-264.pdf|
AD_IRZtkzQMJ|Integrated_Supervisory_System_to_control_a_Reconfigurable_Platform_of_Assistive_Technology|Integrated Supervisory System to control a Reconfigurable Platform of Assistive Technology|http://ieeexplore.ieee.org/abstract/document/7942735/||
iAmwnugDM-wJ|Real_Time_Patient_Health_Care_Monitoring_and_Conditioning_System_Implementation_Using_Raspberry_Pi|Real-Time Patient Health Care Monitoring and Conditioning System Implementation Using Raspberry Pi|http://ijseat.com/index.php/ijseat/article/view/772||
L9kM-At3LKYJ|Research_on_mobile_intelligent_medical_information_system_based_on_the_Internet_of_things_technology|Research on mobile intelligent medical information system based on the Internet of things technology|http://ieeexplore.ieee.org/abstract/document/7976480/|https://fardapaper.ir/mohavaha/uploads/2017/11/Research-on-mobile-intelligent-medical-information-system-based-on-the-Internet-of-things-technology.pdf|
okbT_hKLK6oJ|Efficient_Large_scale_Medical_Data_eHealth_Big_Data_Analytics_in_Internet_of_Things|Efficient Large-scale Medical Data (eHealth Big Data) Analytics in Internet of Things|http://ieeexplore.ieee.org/abstract/document/8012935/|https://www.researchgate.net/profile/Kostas_Psannis/publication/319469825_Efficient_Large-scale_Medical_Data_eHealth_Big_DATA/data/59ad71f8aca272f8a161726a/Efficient-Large-scale-Medical-Data-eHealth-Big.pdf|
eYpnUJPnQGMJ|Wireless_sphygmomanometer_based_on_Zigbee|Wireless sphygmomanometer based on Zigbee|http://ieeexplore.ieee.org/abstract/document/6664546/||
4ZFmUgdM1LYJ|IoT_modelling_and_runtime_suite_for_e_Health|IoT modelling and runtime suite for e-Health|http://ieeexplore.ieee.org/abstract/document/7749433/||
13ZvYreB3v0J|Context_Aware_Computing_IOT_for_Neonatal_Health_Monitoring|Context Aware Computing: IOT for Neonatal Health Monitoring|http://www.ripublication.com/acst17/acstv10n1_05.pdf|http://www.ripublication.com/acst17/acstv10n1_05.pdf|
fwioZnl9LNAJ|A_Versatile_Architecture_for_Building_IoT_Quantified_Self_Applications|A Versatile Architecture for Building IoT Quantified-Self Applications|http://agile-iot.eu/wp-content/uploads/2016/12/AGILE_Paper_CBMS.pdf|http://agile-iot.eu/wp-content/uploads/2016/12/AGILE_Paper_CBMS.pdf|
XpgraWTULaMJ|Following_the_path_towards_intelligently_connected_devices_for_on_line_real_time_cardiac_arrhythmia_detection_and_classification|Following the path towards intelligently connected devices for on-line, real-time cardiac arrhythmia detection and classification|http://ieeexplore.ieee.org/abstract/document/7830636/||
HuzCarJNHq0J|Detecting_brainwaves_to_evaluate_mental_health_using_LabVIEW_and_applications|Detecting brainwaves to evaluate mental health using LabVIEW and applications|http://ieeexplore.ieee.org/abstract/document/7873738/||
H0tgCNbLIu0J|A_noise_power_area_optimized_novel_programmable_gain_and_bandwidth_instrumentation_amplifier_for_biomedical_applications|A noise-power-area optimized novel programmable gain and bandwidth instrumentation amplifier for biomedical applications|http://ieeexplore.ieee.org/abstract/document/8050955/||
BuA2dGQBJgMJ|Securing_Dynamic_Firmware_Updates_of_Mixed_Critical_Applications|Securing Dynamic Firmware Updates of Mixed-Critical Applications|http://ieeexplore.ieee.org/abstract/document/7985807/||
FYuuCSBKASQJ|MEDICATION_REMINDER_AND_MONITORING_SYSTEM_USING_IOT|MEDICATION REMINDER AND MONITORING SYSTEM USING IOT|http://troindia.in/journal/ijcesr/vol4iss6part2/80-84.pdf|http://troindia.in/journal/ijcesr/vol4iss6part2/80-84.pdf|
d0fudg1sYBUJ|Printed_circuits_on_flexible_substrates_opportunities_and_challenges|Printed circuits on flexible substrates: opportunities and challenges|http://ieeexplore.ieee.org/abstract/document/7579340/||
eYpnUJPnQGMJ|Wireless_sphygmomanometer_based_on_Zigbee|Wireless sphygmomanometer based on Zigbee|http://ieeexplore.ieee.org/abstract/document/6664546/||
4ZFmUgdM1LYJ|IoT_modelling_and_runtime_suite_for_e_Health|IoT modelling and runtime suite for e-Health|http://ieeexplore.ieee.org/abstract/document/7749433/||
13ZvYreB3v0J|Context_Aware_Computing_IOT_for_Neonatal_Health_Monitoring|Context Aware Computing: IOT for Neonatal Health Monitoring|http://www.ripublication.com/acst17/acstv10n1_05.pdf|http://www.ripublication.com/acst17/acstv10n1_05.pdf|
fwioZnl9LNAJ|A_Versatile_Architecture_for_Building_IoT_Quantified_Self_Applications|A Versatile Architecture for Building IoT Quantified-Self Applications|http://agile-iot.eu/wp-content/uploads/2016/12/AGILE_Paper_CBMS.pdf|http://agile-iot.eu/wp-content/uploads/2016/12/AGILE_Paper_CBMS.pdf|
XpgraWTULaMJ|Following_the_path_towards_intelligently_connected_devices_for_on_line_real_time_cardiac_arrhythmia_detection_and_classification|Following the path towards intelligently connected devices for on-line, real-time cardiac arrhythmia detection and classification|http://ieeexplore.ieee.org/abstract/document/7830636/||
HuzCarJNHq0J|Detecting_brainwaves_to_evaluate_mental_health_using_LabVIEW_and_applications|Detecting brainwaves to evaluate mental health using LabVIEW and applications|http://ieeexplore.ieee.org/abstract/document/7873738/||
H0tgCNbLIu0J|A_noise_power_area_optimized_novel_programmable_gain_and_bandwidth_instrumentation_amplifier_for_biomedical_applications|A noise-power-area optimized novel programmable gain and bandwidth instrumentation amplifier for biomedical applications|http://ieeexplore.ieee.org/abstract/document/8050955/||
BuA2dGQBJgMJ|Securing_Dynamic_Firmware_Updates_of_Mixed_Critical_Applications|Securing Dynamic Firmware Updates of Mixed-Critical Applications|http://ieeexplore.ieee.org/abstract/document/7985807/||
FYuuCSBKASQJ|MEDICATION_REMINDER_AND_MONITORING_SYSTEM_USING_IOT|MEDICATION REMINDER AND MONITORING SYSTEM USING IOT|http://troindia.in/journal/ijcesr/vol4iss6part2/80-84.pdf|http://troindia.in/journal/ijcesr/vol4iss6part2/80-84.pdf|
d0fudg1sYBUJ|Printed_circuits_on_flexible_substrates_opportunities_and_challenges|Printed circuits on flexible substrates: opportunities and challenges|http://ieeexplore.ieee.org/abstract/document/7579340/||
HU8GDltVXOcJ|Cognitive_telemedicine_IoT_technology_for_dynamically_adaptive_eHealth_content_management_reference_framework_embedded_in_cloud_architecture|Cognitive telemedicine IoT technology for dynamically adaptive eHealth content management reference framework embedded in cloud architecture|http://ieeexplore.ieee.org/abstract/document/7804547/||
ZdIueh5jI18J|Health_capability_The_representation_of_IoT_in_health_domain_among_Jakartans|Health capability: The representation of IoT in health domain among Jakartans|http://ieeexplore.ieee.org/abstract/document/7872789/||
q6x005uRXiEJ|Privacy_in_the_Internet_of_Things|Privacy in the Internet of Things|https://books.google.com/books?hl=en&lr=&id=KeKaDgAAQBAJ&oi=fnd&pg=PA94&dq=%22Internet+of+Things%3B+Medical%22&ots=erq_Ksdb_V&sig=7cvwJExKorPo7Mhnfd7CH7H2t3Q||
CzM6fHXxQ5MJ|Enabling_automatic_composition_of_stream_processing_services_through_ontology_based_standardization|Enabling automatic composition of stream processing services through ontology-based standardization|http://ieeexplore.ieee.org/abstract/document/7001819/||
-iizEX7xGk0J|Tutorials|Tutorials|http://ieeexplore.ieee.org/abstract/document/7870952/||
emQQfW5AF0AJ|Keynotes|Keynotes|http://ieeexplore.ieee.org/abstract/document/7557381/||
wUkYgDTjBhcJ|Keynote_speeches|Keynote speeches|http://ieeexplore.ieee.org/abstract/document/6392091/||
HY3w404LVT4J|Internet_of_Things_and_its_applications_in_E_learning|Internet of Things and its applications in E-learning|http://ieeexplore.ieee.org/abstract/document/7977333/|https://fardapaper.ir/mohavaha/uploads/2017/10/Internet-of-Things-and-its-applications-in-E-learning.pdf|
crerIvSZkUwJ|Trends_and_challenges_in_textiles_associated_with_medical_devices_used_in_surgery|Trends and challenges in textiles associated with medical devices used in surgery|https://www.researchgate.net/profile/Pau_Turon/publication/321669807_Trends_and_challenges_in_textiles_associated_with_medical_devices_used_in_surgery/links/5a2a3a900f7e9b63e53564a5/Trends-and-challenges-in-textiles-associated-with-medical-devices-used-in-surgery.pdf|https://www.researchgate.net/profile/Pau_Turon/publication/321669807_Trends_and_challenges_in_textiles_associated_with_medical_devices_used_in_surgery/links/5a2a3a900f7e9b63e53564a5/Trends-and-challenges-in-textiles-associated-with-medical-devices-used-in-surgery.pdf|
_dZTjQDxY2kJ|eMedicare_MHealth_solution_for_patient_medication_guidance_and_assistance|eMedicare: MHealth solution for patient medication guidance and assistance|http://ieeexplore.ieee.org/abstract/document/7955523/|http://www.scopes.co.in/papers/OR0201.pdf|
uqrA52b4rlwJ|Mobile_phone_based_internet_of_things_human_action_recognition_for_E_health|Mobile phone-based internet of things human action recognition for E-health|http://ieeexplore.ieee.org/abstract/document/7877972/||
eeOgKEq9zPIJ|Tutorials_Tutorial_I_HPC_and_big_data_analytics_in_biomedical_informatics|Tutorials: Tutorial I: HPC and big data analytics in biomedical informatics|http://ieeexplore.ieee.org/abstract/document/7568303/||
3dI0lhP7w0YJ|Proactive_healthcare_and_an_early_warning_mechanism_for_coronary_artery_disease_patients_using_Internet_of_Thing_devices|Proactive healthcare and an early warning mechanism for coronary artery disease patients using Internet-of-Thing devices|http://ieeexplore.ieee.org/abstract/document/7844432/|http://www.uni-obuda.hu/users/szakala/SMC%202016%20pendrive/1378_smc2016.pdf|
0brzMc4I1NwJ|Perception_of_Innovation_For_the_Next_25_Years_International_Perspective|Perception of Innovation For the Next 25 Years: International Perspective|http://isarder.com/2016/vol.8_issue.3_article014_full_text.pdf|http://isarder.com/2016/vol.8_issue.3_article014_full_text.pdf|
zUT8n2FjfpMJ|The_smart_shoes_providing_the_gait_information_on_IoT|The smart shoes providing the gait information on IoT|http://ieeexplore.ieee.org/abstract/document/7889246/||
lqMsoGu14LIJ|A_DDoS_prevention_scheme_for_session_resumption_SEA_architecture_in_healthcare_IoT|A DDoS prevention scheme for session resumption SEA architecture in healthcare IoT|http://ieeexplore.ieee.org/abstract/document/7977361/||
ORFp-rSXtDsJ|Design_of_a_RESTful_middleware_to_enable_a_web_of_medical_things|Design of a RESTful middleware to enable a web of medical things|http://ieeexplore.ieee.org/abstract/document/7015986/||
h5_1N6vLpGQJ|Through_the_Google_Glass_Configurations_of_Attention_in_the_Age_of_Digital_Media|Through the Google Glass: Configurations of Attention in the Age of Digital Media|http://ojs.meccsa.org.uk/index.php/netknow/article/view/410|http://ojs.meccsa.org.uk/index.php/netknow/article/download/410/237|
cXkNOM9mVIgJ|Low_power_IoT_platform_for_vital_signs_monitoring|Low power IoT platform for vital signs monitoring|http://ieeexplore.ieee.org/abstract/document/7983641/||
7NgApTAcLToJ|Design_of_an_Architecture_for_Telemedicine_Applications_in_IoT|Design of an Architecture for Telemedicine Applications in IoT|http://ieeexplore.ieee.org/abstract/document/7796174/||
_FeQqIeT0pMJ|Architecture_and_partial_implementation_of_the_remote_monitoring_platform_for_patients_with_movement_disorders|Architecture and partial implementation of the remote monitoring platform for patients with movement disorders|http://ieeexplore.ieee.org/abstract/document/7968653/||
5hHAqVPV0RAJ|Building_network_platform_of_ubiquitous_service_to_improve_combination_of_relevant_educational_mechanism_and_handling_mechanism_A_case_study_on_psychological|Building network platform of ubiquitous service to improve combination of relevant educational mechanism and handling mechanism: A case study on psychological …|http://ieeexplore.ieee.org/abstract/document/6702900/||
fOI-QNzcrD4J|Complexity_of_Cyber_Security_Architecture_for_IoT_Healthcare_Industry_A_Comparative_Study|Complexity of Cyber Security Architecture for IoT Healthcare Industry: A Comparative Study|https://www.researchgate.net/profile/Wael_Elmedany/publication/318040830_Complexity_of_Cyber_Security_Architecture_for_IoT_Healthcare_Industry_A_Comparative_Study/links/595653e1aca2720010846cd2/Complexity-of-Cyber-Security-Architecture-for-IoT-Healthcare-Industry-A-Comparative-Study.pdf|https://www.researchgate.net/profile/Wael_Elmedany/publication/318040830_Complexity_of_Cyber_Security_Architecture_for_IoT_Healthcare_Industry_A_Comparative_Study/links/595653e1aca2720010846cd2/Complexity-of-Cyber-Security-Architecture-for-IoT-Healthcare-Industry-A-Comparative-Study.pdf|
lEreREcKn-oJ|IoT_Security_IoTSec_Mechanisms_for_e_Health_and_Ambient_Assisted_Living_Applications|IoT Security (IoTSec) Mechanisms for e-Health and Ambient Assisted Living Applications|http://ieeexplore.ieee.org/abstract/document/8010568/||
eAh3ViyMNZwJ|Genomic_medicine_2025_France_in_the_race_for_precision_medicine|Genomic medicine 2025: France in the race for precision medicine|http://www.thelancet.com/journals/lancet/article/PIIS0140-6736(16)32467-9/abstract|http://www.thelancet.com/journals/lancet/article/PIIS0140-6736(16)32467-9/fulltext|
jZDoxKXMP7sJ|The_accessibility_affordability_and_availability_of_long_term_monitoring_system_for_children_with_movement_disorders_Proposed_development_the_Malaysian_context|The accessibility, affordability, and availability of long-term monitoring system for children with movement disorders—Proposed development the Malaysian context & …|http://ieeexplore.ieee.org/abstract/document/7843555/||
5bO_A7LYxUoJ|IoT_fall_detection_system_for_the_elderly_using_Intel_Galileo_development_boards_generation_I|IoT fall detection system for the elderly using Intel Galileo development boards generation I|http://ieeexplore.ieee.org/abstract/document/7785997/||
UlUcarZc5gsJ|Keynote_addresses_Keynote_speech_I_The_development_of_innovative_algorithms_methods_and_software_tools_Object_based_image_analysis_for_multi_scale_thematic|Keynote addresses: Keynote speech I: The development of innovative algorithms/methods and software tools—Object-based image analysis for multi-scale thematic …|http://ieeexplore.ieee.org/abstract/document/7581531/|http://ieeexplore.ieee.org/iel7/7579273/7581525/07581531.pdf|
403_2tdWPQ4J|Enhance_the_processing_and_management_efficiency_of_Dental_Laboratory_by_the_strategy_of_Productivity_4_0|Enhance the processing and management efficiency of Dental Laboratory by the strategy of Productivity 4.0|http://ieeexplore.ieee.org/abstract/document/7988187/||
9mD2cxGz5EcJ|Security_and_privacy_requirements_engineering_for_human_centric_IoT_systems_using_eFRIEND_and_Isabelle|Security and privacy requirements engineering for human centric IoT systems using eFRIEND and Isabelle|http://ieeexplore.ieee.org/abstract/document/7965758/|http://ieeexplore.ieee.org/iel7/7956014/7965690/07965758.pdf|
HSPI32syVW8J|2017_IEEE_14th_International_Conference_on|2017 IEEE 14th International Conference on|http://ieeexplore.ieee.org/abstract/document/8000056/||
QUGhdlNm8cUJ|Proposing_a_modeling_framework_for_minimizing_security_vulnerabilities_in_IoT_systems_in_the_healthcare_domain|Proposing a modeling framework for minimizing security vulnerabilities in IoT systems in the healthcare domain|http://ieeexplore.ieee.org/abstract/document/7897236/||
ZHf8dlJJY2wJ|On_Personalization_in_IoT|On Personalization in IoT|http://ieeexplore.ieee.org/abstract/document/7881335/||
aMS7egEl2mUJ|Resiliency_in_nanometer_CMOS_systems_An_overview|Resiliency in nanometer CMOS systems: An overview|http://ieeexplore.ieee.org/abstract/document/7841257/||
9lKagyDSYl4J|An_experimental_wearable_IoT_for_data_driven_management_of_autism|An experimental wearable IoT for data-driven management of autism|http://ieeexplore.ieee.org/abstract/document/7945435/||
wZ0Gh8ITTMoJ|Home_based_exercise_system_for_patients_using_IoT_enabled_smart_speaker|Home-based exercise system for patients using IoT enabled smart speaker|http://ieeexplore.ieee.org/abstract/document/8210826/||
_Oq28zh1KiMJ|Automatic_Ocular_Disease_Screening_and_Monitoring_Using_a_Hybrid_Cloud_System|Automatic Ocular Disease Screening and Monitoring Using a Hybrid Cloud System|http://ieeexplore.ieee.org/abstract/document/7917096/|http://oar.a-star.edu.sg/jspui/bitstream/123456789/2042/3/Automatic%20Ocular%20Disease%20Screening%20and%20Monitoring%20Using%20a%20Hybrid%20Cloud%20System.pdf|
w99ZPyM7x9EJ|A_3_8_MHz_CMOS_Wien_bridge_oscillator_with_differential_capacitive_automatic_amplitude_control|A 3.8 MHz CMOS Wien-bridge oscillator with differential capacitive automatic amplitude control|https://www.jstage.jst.go.jp/article/elex/11/17/11_11.20140681/_article/-char/ja/|https://www.jstage.jst.go.jp/article/elex/11/17/11_11.20140681/_pdf|
iQLImb5kzyEJ|IoT_support_systems_for_parents_with_ADHD_an_autism|IoT-support systems for parents with ADHD an autism|http://ieeexplore.ieee.org/abstract/document/7779422/||
XE3cRH6GZDQJ|Hybrid_solution_for_privacy_preserving_access_control_for_healthcare_data|Hybrid solution for privacy-preserving access control for healthcare data|https://www.researchgate.net/profile/Smithamol_M_B2/publication/317331374_Hybrid_Solution_for_Privacy-Preserving_Access_Control_for_Healthcare_Data/links/594121afaca2726c28585153/Hybrid-Solution-for-Privacy-Preserving-Access-Control-for-Healthcare-Data.pdf|https://www.researchgate.net/profile/Smithamol_M_B2/publication/317331374_Hybrid_Solution_for_Privacy-Preserving_Access_Control_for_Healthcare_Data/links/594121afaca2726c28585153/Hybrid-Solution-for-Privacy-Preserving-Access-Control-for-Healthcare-Data.pdf|
bFv0s4CDRSgJ|DIY_emergency_button|DIY emergency button|http://ieeexplore.ieee.org/abstract/document/7551341/|http://ieeexplore.ieee.org/iel7/6/7551005/07551341.pdf|
DBwaxJBEIpkJ|Real_time_video_streaming_with_multi_camera_for_a_telepresence_wheelchair|Real-time video streaming with multi-camera for a telepresence wheelchair|http://ieeexplore.ieee.org/abstract/document/7838749/|https://opus.lib.uts.edu.au/bitstream/10453/65195/4/P0228%20Final%20upload.pdf|
RVSCyM94rEgJ|The_Ontological_Transition_from_Blended_Learning_to_Learning_Again_or_Vygotskyan_Obuchenie|The Ontological Transition from Blended Learning to Learning Again, or Vygotskyan Obuchenie|https://www.researchgate.net/profile/Anders_Norberg/publication/285595025_The_ontological_transition_from_blended_learning_to_learning_again_or_Vygotskyan_obuchenie/links/5798b30c08aeb0ffcd08b38d/The-ontological-transition-from-blended-learning-to-learning-again-or-Vygotskyan-obuchenie.pdf|https://www.researchgate.net/profile/Anders_Norberg/publication/285595025_The_ontological_transition_from_blended_learning_to_learning_again_or_Vygotskyan_obuchenie/links/5798b30c08aeb0ffcd08b38d/The-ontological-transition-from-blended-learning-to-learning-again-or-Vygotskyan-obuchenie.pdf|
f6p-yvjVdgoJ|An_Ontological_Model_for_Privacy_in_Emerging_Decentralized_Healthcare_Systems|An Ontological Model for Privacy in Emerging Decentralized Healthcare Systems|http://ieeexplore.ieee.org/abstract/document/7940226/||
ZsYk11MHy3wJ|e_Toogle_Education_Platform_for_Cyber_Physical_Environments_The_2013_International_Conference_on_e_Learning_e_Business_Enterprise_Information_Systems_and_e|e-Toogle: Education Platform for Cyber-Physical Environments: The 2013 International Conference on e-Learning, e-Business, Enterprise Information Systems, and e …|http://search.proquest.com/openview/c283bde14191e5d8e37699dbf39a4d05/1?pq-origsite=gscholar&cbl=1976356|http://world-comp.org/p2013/EEE7355.pdf|
AGIc58wY6qsJ|Privacy_Requirements_for_mobile_e_Service_in_the_Health_Authority_Abu_Dhabi_HAAD|Privacy Requirements for mobile e-Service in the Health Authority-Abu Dhabi (HAAD)|http://ieeexplore.ieee.org/abstract/document/7856697/||
DcA7--T1Us0J|Liu_Yuhua_Lu_Minyan_Xu_Biao|Liu Yuhua, Lu Minyan, Xu Biao|http://ieeexplore.ieee.org/abstract/document/7883259/|http://ieeexplore.ieee.org/iel7/7878273/7883003/07883259.pdf|
LkMNwpP8f_IJ|Streaming_brain_and_physiological_signal_acquisition_system_for_IoT_neuroscience_application|Streaming brain and physiological signal acquisition system for IoT neuroscience application|http://ieeexplore.ieee.org/abstract/document/7843551/||
ho5OgFH5tJIJ|A_true_1V_1µW_biomedical_front_end_with_reconfigurable_ADC_for_self_powered_smarter_IoT_healthcare_systems|A true 1V 1µW biomedical front end with reconfigurable ADC for self powered smarter IoT healthcare systems|http://ieeexplore.ieee.org/abstract/document/7373182/|http://raiith.iith.ac.in/2707/1/2707.pdf|1
BLFPFqdJLEYJ|Smart_Sensor_Microsystems_Application_Dependent_Design_and_Integration_Approaches|Smart Sensor Microsystems: Application-Dependent Design and Integration Approaches|https://link.springer.com/chapter/10.1007/978-3-319-33201-7_4||1
45n0wcgO5jEJ|Microwave_photonic_devices_based_on_multicore_fibers|Microwave photonic devices based on multicore fibers|http://ieeexplore.ieee.org/abstract/document/6876726/||6
8qIXhyrBr9IJ|A_data_replica_placement_scheme_for_cloud_storage_under_healthcare_iot_environment|A data replica placement scheme for cloud storage under healthcare iot environment|http://ieeexplore.ieee.org/abstract/document/6980892/||2
AC2oYvrKuZMJ|MASK_BAN_Movement_aided_authenticated_secret_key_extraction_utilizing_channel_characteristics_in_body_area_networks|MASK-BAN: Movement-aided authenticated secret key extraction utilizing channel characteristics in body area networks|http://ieeexplore.ieee.org/abstract/document/7006641/||14
qBipblPG1xYJ|A_futuristic_IOT_based_approach_for_providing_healthcare_support_through_E_diagnostic_system_in_India|A futuristic IOT based approach for providing healthcare support through E-diagnostic system in India|http://ieeexplore.ieee.org/abstract/document/8117810/||1
xT4N_NbKURAJ|A_content_centric_network_architecture_for_financial_markets|A content centric network architecture for financial markets|http://ieeexplore.ieee.org/abstract/document/7010774/||
C2yr1OMI9qUJ|物联网医学的研究现状和展望|物联网医学的研究现状和展望|http://www.airitilibrary.com/Publication/alDetailedMesh?docid=gwyx-hxxt201218018||7
tXnny0nRv8sJ|Converging_and_emerging_threats_to_health_security|Converging and emerging threats to health security|https://link.springer.com/article/10.1007/s10669-017-9667-0|https://link.springer.com/article/10.1007/s10669-017-9667-0|
I-1JQXfTykEJ|基于物联网的医用设备电气安全监控系统|基于物联网的医用设备电气安全监控系统|http://www.bgzdh.com.cn/UserFiles/201311181605070.pdf|http://www.bgzdh.com.cn/UserFiles/201311181605070.pdf|3
S8G2mfTI-nQJ|Improving_energy_usage_efficiency_in_web_enabled_smart_buildings|Improving energy usage efficiency in web enabled smart buildings|https://pdfs.semanticscholar.org/1ae9/02acfb2dc806c22eba462271daa883e1bb6c.pdf|https://pdfs.semanticscholar.org/1ae9/02acfb2dc806c22eba462271daa883e1bb6c.pdf|
sUWjJLGruh8J|State_of_the_art_in_wearable_technology_Medical_area_applications|State-of-the-art in wearable technology: Medical area applications|http://ieeexplore.ieee.org/abstract/document/7521565/||1
FJWnmwgm3cYJ|Mining_Historical_Data_towards_Interference_Management_in_Wireless_SDNs|Mining Historical Data towards Interference Management in Wireless SDNs|https://dl.acm.org/citation.cfm?id=3132125||
UP4AFQh28RoJ|Are_Current_Advances_of_Compression_Algorithms_for_Capsule_Endoscopy_Enough_A_Technical_Review|Are Current Advances of Compression Algorithms for Capsule Endoscopy Enough? A Technical Review|http://ieeexplore.ieee.org/abstract/document/8051072/||
M5eFjNa6ccUJ|Internet_of_Things_tulevaisuuden_visiona|Internet of Things tulevaisuuden visiona|https://www.theseus.fi/bitstream/handle/10024/92622/Nieminen_Daniela.pdf?sequence=1|https://www.theseus.fi/bitstream/handle/10024/92622/Nieminen_Daniela.pdf?sequence=1|
3Z9BxcEQn3YJ|Vad_aer_Internet_of_Things_inom_medicinteknik_Hur_paverkar_det_varden_och_patienterna_ur_ett_framgangs_och_saekerhetsperspektiv|Vad är Internet of Things inom medicinteknik?: Hur påverkar det vården och patienterna ur ett framgångs-och säkerhetsperspektiv?|http://www.diva-portal.org/smash/record.jsf?pid=diva2:1139854|http://www.diva-portal.org/smash/get/diva2:1139854/FULLTEXT01.pdf|
l-4UZfZm5kcJ|医疗传感网中身份匿名的隐私保护最值查询协议|医疗传感网中身份匿名的隐私保护最值查询协议|http://www.airitilibrary.com/Publication/alDetailedMesh?docid=btyxyxb201601093||
iDTRJP3QHkAJ|TIBBI_GOeRUeNTUeLEME_ARACLARI_ICIN_BULUT_BILISIM_TABANLI_OeNGOeRUeCUe_BAKIM_UYGULAMA_CATISI|TIBBİ GÖRÜNTÜLEME ARAÇLARI İÇİN BULUT BİLİŞİM TABANLI ÖNGÖRÜCÜ BAKIM UYGULAMA ÇATISI|http://dergipark.gov.tr/ybs/issue/33128/368760|http://dergipark.gov.tr/download/article-file/386988|
8XM3kDQ7m04J|Working_Papers_Presented_in_Arcada_Workshop_on_Analytics_in_June_8_2016|Working Papers Presented in Arcada Workshop on Analytics in June 8, 2016|https://www.theseus.fi/handle/10024/140598||
zrGHr173bIoJ|基于物联网的智慧医疗系统及其发展应用|基于物联网的智慧医疗系统及其发展应用|http://old.china-cmd.org/CN/article/downloadArticleFile.do?attachType=PDF&id=2987|http://old.china-cmd.org/CN/article/downloadArticleFile.do?attachType=PDF&id=2987|
C29Ws781M7kJ|IoT_based_patient_information_monitoring_system_by_using_RFID_technologies|IoT-based patient information monitoring system by using RFID technologies|http://ieeexplore.ieee.org/abstract/document/7849390/||
6c4aWtV1HawJ|BOOK_B_Connected_Objects_in_Health_Risks_Uses_and_Perspectives|[BOOK][B] Connected Objects in Health: Risks, Uses and Perspectives|https://books.google.com/books?hl=en&lr=&id=yWA8DgAAQBAJ&oi=fnd&pg=PP1&dq=%22Internet+of+Things%3B+Medical%22&ots=mT3koyHuCG&sig=Yp2bemy_qrMxM5G4dxLWqoQ4pZc||
c5XExR8w6BcJ|Microwave_Photonics|Microwave Photonics|http://onlinelibrary.wiley.com/doi/10.1002/047134608X.W8313/full||
mZLWgbZjv8YJ|Lossless_Compression_in_Bayer_Color_Filter_Array_for_Capsule_Endoscopy|Lossless Compression in Bayer Color Filter Array for Capsule Endoscopy|http://ieeexplore.ieee.org/abstract/document/7981326/|http://ieeexplore.ieee.org/iel7/6287639/7859429/07981326.pdf|
5noKPONxtO0J|사물인터넷_사업자를_위한_정보보안_법률의_개선_방안_연구|사물인터넷 사업자를 위한 정보보안 법률의 개선 방안 연구|http://dev02.dbpia.co.kr/2/90/34/2903465.pdf?article=3867953||
XL6181jYWhMJ|Highly_reliable_key_generation_from_electrocardiogram_ECG|Highly reliable key generation from electrocardiogram (ECG)|http://ieeexplore.ieee.org/abstract/document/7563392/||8
rnAUAGhFyi8J|BOOK_B_How_Healthcare_Data_Privacy_is_Almost_Dead_and_what_Can_be_Done_to_Revive_It|[BOOK][B] How Healthcare Data Privacy is Almost Dead... and what Can be Done to Revive It!|https://books.google.com/books?hl=en&lr=&id=utIBDgAAQBAJ&oi=fnd&pg=PT12&dq=%22Internet+of+Things%3B+Medical%22&ots=kfQTAmyeQZ&sig=dA_Cr_VxKUXTSxfu4My-HOALUls||
5wmMR9UfKBIJ|On_Smart_Query_Routing_For_Distributed_Graph_Querying_with_Decoupled_Storage|On Smart Query Routing: For Distributed Graph Querying with Decoupled Storage|https://arxiv.org/abs/1611.03959|https://arxiv.org/pdf/1611.03959|
cnDUyIQOAAwJ|基于物联网技术的医疗监护网络系统研制|基于物联网技术的医疗监护网络系统研制.|http://search.ebscohost.com/login.aspx?direct=true&profile=ehost&scope=site&authtype=crawler&jrnl=10067167&AN=114041512&h=ksl%2FiZ2rWjLZSyojQ80%2BRO5PWiErcThzSN4cb5a2ICGZBz%2BMrgwBjyIegUevepV09Y%2Fe3BdLoYbElUONUsQZHg%3D%3D&crl=c||
zTTsxx0pgHcJ|Wide_Range_Adaptive_IPT_Using_Dipole_Coils_With_a_Reflector_by_Variable_Switched_Capacitance|Wide-Range Adaptive IPT Using Dipole-Coils With a Reflector by Variable Switched Capacitance|http://ieeexplore.ieee.org/abstract/document/7779038/||
raZRYPOavDIJ|Caronte_io_Una_aplicacion_para_la_ayuda_a_la_citacion_de_pacientes_mediante_dispositivos_moviles|Caronte. io: Una aplicación para la ayuda a la citación de pacientes mediante dispositivos móviles|https://riunet.upv.es/handle/10251/89506|https://riunet.upv.es/bitstream/handle/10251/89506/FORT%20-%20Caronte.io:%20Una%20aplicaci%C3%B3n%20para%20la%20ayuda%20a%20la%20citaci%C3%B3n%20de%20pacientes%20mediante%20dispositivos%20....pdf?sequence=1|
c5XExR8w6BcJ|Microwave_Photonics|Microwave Photonics|http://onlinelibrary.wiley.com/doi/10.1002/047134608X.W8313/full||
mZLWgbZjv8YJ|Lossless_Compression_in_Bayer_Color_Filter_Array_for_Capsule_Endoscopy|Lossless Compression in Bayer Color Filter Array for Capsule Endoscopy|http://ieeexplore.ieee.org/abstract/document/7981326/|http://ieeexplore.ieee.org/iel7/6287639/7859429/07981326.pdf|
5noKPONxtO0J|사물인터넷_사업자를_위한_정보보안_법률의_개선_방안_연구|사물인터넷 사업자를 위한 정보보안 법률의 개선 방안 연구|http://dev02.dbpia.co.kr/2/90/34/2903465.pdf?article=3867953||
XL6181jYWhMJ|Highly_reliable_key_generation_from_electrocardiogram_ECG|Highly reliable key generation from electrocardiogram (ECG)|http://ieeexplore.ieee.org/abstract/document/7563392/||8
rnAUAGhFyi8J|BOOK_B_How_Healthcare_Data_Privacy_is_Almost_Dead_and_what_Can_be_Done_to_Revive_It|[BOOK][B] How Healthcare Data Privacy is Almost Dead... and what Can be Done to Revive It!|https://books.google.com/books?hl=en&lr=&id=utIBDgAAQBAJ&oi=fnd&pg=PT12&dq=%22Internet+of+Things%3B+Medical%22&ots=kfQTAmAePY&sig=r-EEBnvsG2geNzQX0QbTS1Bt4zE||
5wmMR9UfKBIJ|On_Smart_Query_Routing_For_Distributed_Graph_Querying_with_Decoupled_Storage|On Smart Query Routing: For Distributed Graph Querying with Decoupled Storage|https://arxiv.org/abs/1611.03959|https://arxiv.org/pdf/1611.03959|
cnDUyIQOAAwJ|基于物联网技术的医疗监护网络系统研制|基于物联网技术的医疗监护网络系统研制.|http://search.ebscohost.com/login.aspx?direct=true&profile=ehost&scope=site&authtype=crawler&jrnl=10067167&AN=114041512&h=ksl%2FiZ2rWjLZSyojQ80%2BRO5PWiErcThzSN4cb5a2ICGZBz%2BMrgwBjyIegUevepV09Y%2Fe3BdLoYbElUONUsQZHg%3D%3D&crl=c||
zTTsxx0pgHcJ|Wide_Range_Adaptive_IPT_Using_Dipole_Coils_With_a_Reflector_by_Variable_Switched_Capacitance|Wide-Range Adaptive IPT Using Dipole-Coils With a Reflector by Variable Switched Capacitance|http://ieeexplore.ieee.org/abstract/document/7779038/||
raZRYPOavDIJ|Caronte_io_Una_aplicacion_para_la_ayuda_a_la_citacion_de_pacientes_mediante_dispositivos_moviles|Caronte. io: Una aplicación para la ayuda a la citación de pacientes mediante dispositivos móviles|https://riunet.upv.es/handle/10251/89506|https://riunet.upv.es/bitstream/handle/10251/89506/FORT%20-%20Caronte.io:%20Una%20aplicaci%C3%B3n%20para%20la%20ayuda%20a%20la%20citaci%C3%B3n%20de%20pacientes%20mediante%20dispositivos%20....pdf?sequence=1|
